'equipo';'jugador';'Paradas';'Partidos jugados';'Faltas recibidas';'Penaltis recibidos';'Doble tarjeta amarilla';'Asistencias';'Partidos como titular';'Minutos';'Penaltis parados';'Tarjetas rojas';'Goles';'Penaltis';'Faltas';'Rechaces';'Tarjetas amarillas';'Disparos';'Sustituciones';
'Athletic Club';'Unai Simon';'17';'25';'1';'3';'0';'';'25';'2250';'0';'0';'';'';'';'60';'2';'';'0';
'Athletic Club';'Jokin Ezkieta';'0';'0';'0';'0';'0';'';'0';'0';'0';'0';'';'';'';'0';'0';'';'0';
'Athletic Club';'Agirrezabala';'1';'4';'0';'0';'0';'';'4';'360';'0';'0';'';'';'';'15';'0';'';'0';
'Athletic Club';'Iru';'0';'0';'0';'0';'0';'';'0';'0';'0';'0';'';'';'';'0';'0';'';'0';
'Athletic Club';'Petxarroman';'';'10';'';'';'0';'0';'0';'116';'';'0';'0';'0';'4';'';'2';'0';'0';
'Athletic Club';'Nuñez';'';'8';'';'';'0';'0';'6';'530';'';'0';'0';'0';'8';'';'1';'6';'1';
'Athletic Club';'I. Martinez';'';'21';'';'';'1';'0';'20';'1803';'';'2';'3';'0';'25';'';'6';'17';'1';
'Athletic Club';'Yeray';'';'16';'';'';'0';'0';'16';'1395';'';'0';'0';'0';'18';'';'5';'2';'1';
'Athletic Club';'Vivian';'';'17';'';'';'0';'1';'16';'1443';'';'0';'2';'0';'9';'';'0';'11';'1';
'Athletic Club';'I. Lekue';'';'23';'';'';'0';'2';'21';'1852';'';'0';'0';'0';'17';'';'3';'2';'3';
'Athletic Club';'Yuri B.';'';'6';'';'';'0';'1';'4';'378';'';'0';'1';'0';'3';'';'2';'3';'2';
'Athletic Club';'De Marcos';'';'15';'';'';'0';'2';'12';'1138';'';'0';'1';'0';'19';'';'4';'2';'5';
'Athletic Club';'Capa';'';'0';'';'';'0';'0';'0';'0';'';'0';'0';'0';'0';'';'0';'0';'0';
'Athletic Club';'Balenziaga';'';'23';'';'';'0';'0';'21';'1844';'';'0';'0';'0';'18';'';'2';'5';'4';
'Athletic Club';'Paredes';'';'0';'';'';'0';'0';'0';'0';'';'0';'0';'0';'0';'';'0';'0';'0';
'Athletic Club';'Vesga';'';'24';'';'';'0';'0';'10';'905';'';'0';'1';'0';'22';'';'2';'8';'7';
'Athletic Club';'O. Sancet';'';'24';'';'';'0';'4';'14';'1290';'';'0';'6';'0';'18';'';'1';'22';'14';
'Athletic Club';'Dani García';'';'25';'';'';'0';'0';'22';'1818';'';'0';'0';'0';'34';'';'7';'8';'16';
'Athletic Club';'Vencedor';'';'25';'';'';'0';'0';'23';'1850';'';'0';'0';'0';'24';'';'3';'7';'12';
'Athletic Club';'Zarraga';'';'22';'';'';'0';'0';'8';'952';'';'0';'1';'1';'12';'';'5';'13';'5';
'Athletic Club';'Raul Garcia';'';'26';'';'';'0';'1';'18';'1391';'';'0';'4';'0';'35';'';'2';'25';'17';
'Athletic Club';'Berenguer';'';'26';'';'';'0';'6';'19';'1656';'';'0';'1';'0';'39';'';'7';'28';'10';
'Athletic Club';'Williams';'';'29';'';'';'0';'3';'24';'2110';'';'0';'7';'0';'17';'';'2';'47';'10';
'Athletic Club';'Muniain';'';'26';'';'';'0';'7';'25';'2023';'';'0';'3';'1';'9';'';'2';'24';'17';
'Athletic Club';'Villalibre';'';'13';'';'';'0';'0';'2';'334';'';'0';'0';'0';'8';'';'0';'7';'2';
'Athletic Club';'Williams Jr';'';'26';'';'';'0';'0';'6';'931';'';'0';'0';'0';'21';'';'4';'13';'5';
'Athletic Club';'Nico Serrano';'';'12';'';'';'0';'0';'3';'286';'';'0';'1';'0';'7';'';'0';'6';'2';
'Athletic Club';'Artola';'';'0';'';'';'0';'0';'0';'0';'';'0';'0';'0';'0';'';'0';'0';'0';
'Athletic Club';'Luis Bilbao';'';'0';'';'';'0';'0';'0';'0';'';'0';'0';'0';'0';'';'0';'0';'0';
'Atlético de Madrid';'Lecomte';'0';'0';'0';'0';'0';'';'0';'0';'0';'0';'';'';'';'0';'1';'';'0';
'Atlético de Madrid';'Oblak';'19';'29';'7';'6';'0';'';'29';'2610';'1';'0';'';'';'';'44';'1';'';'0';
'Atlético de Madrid';'Christian';'0';'0';'0';'0';'0';'';'0';'0';'0';'0';'';'';'';'0';'0';'';'0';
'Atlético de Madrid';'A.iturbe';'0';'0';'0';'0';'0';'';'0';'0';'0';'0';'';'';'';'0';'0';'';'0';
'Atlético de Madrid';'A.gomis';'0';'0';'0';'0';'0';'';'0';'0';'0';'0';'';'';'';'0';'0';'';'0';
'Atlético de Madrid';'J. M. Giménez';'';'19';'';'';'0';'1';'19';'1600';'';'0';'0';'0';'7';'';'8';'14';'4';
'Atlético de Madrid';'Renan Lodi';'';'22';'';'';'0';'1';'10';'857';'';'0';'2';'0';'13';'';'3';'9';'8';
'Atlético de Madrid';'Savić';'';'20';'';'';'0';'0';'20';'1720';'';'0';'0';'0';'18';'';'7';'10';'1';
'Atlético de Madrid';'Felipe';'';'19';'';'';'0';'1';'12';'1200';'';'1';'2';'0';'16';'';'4';'9';'0';
'Atlético de Madrid';'M. Hermoso';'';'24';'';'';'0';'1';'19';'1688';'';'1';'2';'0';'23';'';'4';'12';'7';
'Atlético de Madrid';'Reinildo';'';'8';'';'';'0';'0';'7';'653';'';'0';'0';'0';'16';'';'2';'1';'1';
'Atlético de Madrid';'Vrsaljko';'';'14';'';'';'0';'1';'6';'584';'';'0';'1';'0';'9';'';'2';'4';'4';
'Atlético de Madrid';'Marco';'';'0';'';'';'0';'0';'0';'0';'';'0';'0';'0';'0';'';'0';'0';'0';
'Atlético de Madrid';'Lama';'';'0';'';'';'0';'0';'0';'0';'';'0';'0';'0';'0';'';'0';'0';'0';
'Atlético de Madrid';'Rojas';'';'0';'';'';'0';'0';'0';'0';'';'0';'0';'0';'0';'';'0';'0';'0';
'Atlético de Madrid';'Ibra';'';'0';'';'';'0';'0';'0';'0';'';'0';'0';'0';'0';'';'0';'0';'0';
'Atlético de Madrid';'Sergio Díez';'';'0';'';'';'0';'0';'0';'0';'';'0';'0';'0';'0';'';'0';'0';'0';
'Atlético de Madrid';'Kondogbia';'';'20';'';'';'1';'2';'13';'1207';'';'1';'1';'0';'26';'';'7';'7';'5';
'Atlético de Madrid';'R. De Paul';'';'27';'';'';'0';'1';'19';'1683';'';'0';'1';'0';'40';'';'6';'10';'11';
'Atlético de Madrid';'Koke';'';'23';'';'';'0';'1';'22';'1899';'';'0';'1';'0';'25';'';'5';'8';'5';
'Atlético de Madrid';'Griezmann';'';'17';'';'';'0';'2';'14';'1122';'';'0';'3';'0';'12';'';'2';'27';'10';
'Atlético de Madrid';'Correa';'';'29';'';'';'0';'5';'18';'1557';'';'1';'11';'0';'22';'';'3';'29';'13';
'Atlético de Madrid';'Lemar';'';'';'';'';'';'';'';'';'';'';'';'';'';'';'';'';'';
'Atlético de Madrid';'M. Llorente';'';'21';'';'';'0';'2';'21';'1766';'';'0';'0';'0';'22';'';'2';'8';'6';
'Atlético de Madrid';'H. Herrera';'';'18';'';'';'0';'0';'7';'757';'';'0';'0';'0';'17';'';'4';'5';'3';
'Atlético de Madrid';'Wass';'';'1';'';'';'0';'0';'0';'45';'';'0';'0';'0';'1';'';'1';'0';'0';
'Atlético de Madrid';'J.serrano';'';'4';'';'';'0';'0';'0';'21';'';'1';'0';'0';'3';'';'1';'0';'0';
'Atlético de Madrid';'A.moreno';'';'0';'';'';'0';'0';'0';'0';'';'0';'0';'0';'0';'';'0';'0';'0';
'Atlético de Madrid';'C.martín';'';'1';'';'';'0';'0';'0';'5';'';'0';'0';'0';'1';'';'1';'0';'0';
'Atlético de Madrid';'Barrios';'';'0';'';'';'0';'0';'0';'0';'';'0';'0';'0';'0';'';'0';'0';'0';
'Atlético de Madrid';'João Félix';'';'21';'';'';'1';'4';'11';'1101';'';'1';'6';'0';'13';'';'1';'28';'8';
'Atlético de Madrid';'Suárez';'';'28';'';'';'0';'2';'17';'1550';'';'0';'9';'1';'18';'';'7';'40';'12';
'Atlético de Madrid';'Cunha';'';'20';'';'';'0';'2';'5';'642';'';'0';'5';'0';'16';'';'3';'18';'5';
'Atlético de Madrid';'Carrasco';'';'25';'';'';'0';'5';'21';'1906';'';'0';'3';'0';'17';'';'5';'21';'11';
'Atlético de Madrid';'Giuliano';'';'0';'';'';'0';'0';'0';'0';'';'0';'0';'0';'0';'';'0';'0';'0';
'CA Osasuna';'S. Herrera';'16';'28';'7';'4';'0';'';'28';'2520';'1';'0';'';'';'';'69';'3';'';'0';
'CA Osasuna';'Juan Perez';'1';'1';'0';'0';'0';'';'1';'90';'0';'0';'';'';'';'2';'0';'';'0';
'CA Osasuna';'Yoel R.';'0';'0';'0';'0';'0';'';'0';'0';'0';'0';'';'';'';'0';'0';'';'0';
'CA Osasuna';'Dario';'0';'0';'0';'0';'0';'';'0';'0';'0';'0';'';'';'';'0';'0';'';'0';
'CA Osasuna';'Nacho Vidal';'';'27';'';'';'0';'1';'26';'2298';'';'0';'0';'0';'36';'';'8';'10';'3';
'CA Osasuna';'Juan Cruz';'';'18';'';'';'0';'0';'17';'1532';'';'0';'0';'0';'15';'';'3';'2';'1';
'CA Osasuna';'Unai García';'';'16';'';'';'0';'0';'13';'1227';'';'0';'0';'0';'10';'';'5';'4';'1';
'CA Osasuna';'David García';'';'27';'';'';'0';'0';'27';'2385';'';'0';'4';'0';'42';'';'6';'21';'1';
'CA Osasuna';'Ramalho';'';'1';'';'';'0';'0';'1';'90';'';'0';'0';'0';'0';'';'0';'0';'0';
'CA Osasuna';'Cote';'';'18';'';'';'0';'1';'8';'770';'';'1';'1';'0';'6';'';'1';'5';'3';
'CA Osasuna';'Aridane';'';'8';'';'';'0';'0';'6';'574';'';'0';'0';'0';'3';'';'1';'2';'1';
'CA Osasuna';'Areso';'';'2';'';'';'0';'0';'2';'173';'';'0';'0';'0';'3';'';'1';'0';'1';
'CA Osasuna';'M. Sánchez';'';'26';'';'';'0';'2';'20';'1789';'';'0';'1';'0';'22';'';'4';'3';'9';
'CA Osasuna';'Oier';'';'19';'';'';'0';'0';'5';'487';'';'0';'0';'0';'15';'';'2';'6';'4';
'CA Osasuna';'Moncayola';'';'28';'';'';'0';'3';'26';'2294';'';'0';'2';'0';'17';'';'3';'28';'11';
'CA Osasuna';'Darko';'';'27';'';'';'0';'2';'21';'1896';'';'0';'1';'0';'40';'';'6';'5';'9';
'CA Osasuna';'R. Torres';'';'21';'';'';'0';'2';'5';'649';'';'0';'2';'2';'7';'';'3';'10';'5';
'CA Osasuna';'Iñigo Perez';'';'7';'';'';'0';'0';'2';'191';'';'0';'1';'0';'0';'';'0';'2';'2';
'CA Osasuna';'Torró';'';'26';'';'';'0';'0';'26';'2176';'';'0';'1';'0';'49';'';'8';'17';'9';
'CA Osasuna';'Javi Martinez';'';'19';'';'';'0';'1';'6';'619';'';'0';'1';'0';'12';'';'1';'6';'5';
'CA Osasuna';'Unai Dufur';'';'1';'';'';'0';'0';'1';'90';'';'0';'0';'0';'1';'';'0';'1';'0';
'CA Osasuna';'Chimy Avila';'';'27';'';'';'1';'1';'14';'1254';'';'1';'5';'0';'21';'';'5';'38';'14';
'CA Osasuna';'Kike Barja';'';'14';'';'';'0';'0';'8';'680';'';'0';'1';'0';'14';'';'1';'7';'8';
'CA Osasuna';'Rubén García';'';'28';'';'';'0';'4';'25';'1992';'';'0';'1';'0';'28';'';'1';'22';'24';
'CA Osasuna';'Budimir';'';'19';'';'';'0';'1';'12';'1018';'';'0';'3';'1';'21';'';'1';'21';'10';
'CA Osasuna';'Kike G.';'';'27';'';'';'0';'1';'17';'1643';'';'0';'5';'1';'16';'';'1';'39';'9';
'CA Osasuna';'Barbero';'';'4';'';'';'0';'0';'0';'10';'';'0';'0';'0';'1';'';'0';'0';'0';
'CA Osasuna';'I. Benito';'';'4';'';'';'0';'0';'1';'116';'';'0';'0';'0';'1';'';'1';'3';'1';
'CA Osasuna';'Pau M.';'';'0';'';'';'0';'0';'0';'0';'';'0';'0';'0';'0';'';'0';'0';'0';
'Cádiz CF';'Ledesma';'25';'29';'4';'9';'0';'';'29';'2610';'1';'0';'';'';'';'90';'4';'';'0';
'Cádiz CF';'David Gil';'0';'0';'0';'0';'0';'';'0';'0';'0';'0';'';'';'';'0';'0';'';'0';
'Cádiz CF';'Juan Flere';'0';'0';'0';'0';'0';'';'0';'0';'0';'0';'';'';'';'0';'0';'';'0';
'Cádiz CF';'Victor Aznar';'0';'0';'0';'0';'0';'';'0';'0';'0';'0';'';'';'';'0';'0';'';'0';
'Cádiz CF';'Fali';'';'22';'';'';'0';'2';'18';'1366';'';'0';'0';'0';'12';'';'5';'4';'10';
'Cádiz CF';'Haroyan';'';'17';'';'';'0';'0';'16';'1437';'';'0';'1';'0';'22';'';'9';'3';'3';
'Cádiz CF';'Akapo';'';'17';'';'';'0';'0';'14';'1269';'';'0';'0';'0';'16';'';'4';'5';'4';
'Cádiz CF';'Juan Cala';'';'13';'';'';'1';'0';'10';'929';'';'1';'0';'0';'11';'';'6';'5';'1';
'Cádiz CF';'Arzamendia';'';'12';'';'';'0';'0';'5';'448';'';'0';'1';'0';'6';'';'2';'5';'4';
'Cádiz CF';'Iza';'';'21';'';'';'0';'0';'16';'1417';'';'0';'0';'0';'20';'';'1';'8';'8';
'Cádiz CF';'A. Espino';'';'28';'';'';'0';'2';'28';'2519';'';'0';'2';'0';'37';'';'5';'17';'1';
'Cádiz CF';'Luis Hernández';'';'7';'';'';'0';'0';'6';'555';'';'0';'0';'0';'3';'';'1';'4';'0';
'Cádiz CF';'Chust';'';'19';'';'';'0';'0';'16';'1466';'';'0';'0';'0';'10';'';'1';'5';'2';
'Cádiz CF';'Raúl Parra';'';'1';'';'';'0';'0';'0';'12';'';'0';'0';'0';'0';'';'0';'0';'0';
'Cádiz CF';'Genar';'';'0';'';'';'0';'0';'0';'0';'';'0';'0';'0';'0';'';'0';'0';'0';
'Cádiz CF';'Jønsson';'';'20';'';'';'0';'1';'15';'1156';'';'0';'0';'0';'14';'';'2';'5';'14';
'Cádiz CF';'R. Alcaraz';'';'8';'';'';'0';'0';'7';'659';'';'0';'2';'0';'17';'';'3';'11';'0';
'Cádiz CF';'Jose Mari';'';'3';'';'';'0';'0';'0';'46';'';'0';'0';'0';'1';'';'0';'1';'0';
'Cádiz CF';'Sánchez';'';'20';'';'';'1';'1';'16';'1323';'';'1';'2';'0';'9';'';'1';'14';'10';
'Cádiz CF';'Alex';'';'24';'';'';'0';'1';'16';'1509';'';'0';'3';'1';'11';'';'2';'8';'7';
'Cádiz CF';'A. Perea';'';'17';'';'';'0';'1';'8';'774';'';'0';'0';'0';'7';'';'2';'9';'5';
'Cádiz CF';'Tomás Alarcón';'';'19';'';'';'0';'1';'15';'1326';'';'0';'0';'0';'17';'';'5';'13';'6';
'Cádiz CF';'Fede S.';'';'7';'';'';'0';'0';'7';'567';'';'0';'0';'0';'20';'';'2';'0';'5';
'Cádiz CF';'Chapela';'';'9';'';'';'0';'0';'4';'400';'';'0';'0';'0';'4';'';'0';'2';'4';
'Cádiz CF';'Lozano';'';'24';'';'';'0';'2';'20';'1537';'';'0';'5';'0';'39';'';'6';'33';'16';
'Cádiz CF';'Idrissi';'';'5';'';'';'0';'1';'4';'323';'';'0';'1';'0';'4';'';'2';'7';'3';
'Cádiz CF';'I. Alejo';'';'13';'';'';'0';'2';'6';'636';'';'0';'1';'0';'20';'';'6';'5';'6';
'Cádiz CF';'Andone';'';'5';'';'';'0';'0';'1';'173';'';'0';'0';'0';'3';'';'1';'3';'1';
'Cádiz CF';'A. Negredo';'';'26';'';'';'0';'1';'18';'1616';'';'0';'6';'2';'13';'';'2';'33';'7';
'Cádiz CF';'Sobrino';'';'24';'';'';'0';'1';'14';'1346';'';'0';'1';'0';'31';'';'2';'14';'7';
'Cádiz CF';'Lucas';'';'6';'';'';'0';'1';'3';'333';'';'0';'0';'0';'3';'';'1';'2';'2';
'Deportivo Alavés';'Pacheco';'12';'26';'0';'5';'0';'';'26';'2334';'2';'0';'';'';'';'65';'1';'';'1';
'Deportivo Alavés';'Sivera';'2';'3';'0';'1';'0';'';'2';'186';'0';'0';'';'';'';'7';'1';'';'0';
'Deportivo Alavés';'Owono';'0';'1';'0';'0';'0';'';'1';'90';'0';'0';'';'';'';'3';'0';'';'0';
'Deportivo Alavés';'Oscar';'0';'0';'0';'0';'0';'';'0';'0';'0';'0';'';'';'';'0';'0';'';'0';
'Deportivo Alavés';'A. Rodriguez';'0';'0';'0';'0';'0';'';'0';'0';'0';'0';'';'';'';'0';'0';'';'0';
'Deportivo Alavés';'Ivan';'0';'0';'0';'0';'0';'';'0';'0';'0';'0';'';'';'';'0';'0';'';'0';
'Deportivo Alavés';'N. Tenaglia';'';'7';'';'';'0';'0';'6';'576';'';'0';'0';'0';'2';'';'2';'3';'0';
'Deportivo Alavés';'R. Duarte';'';'26';'';'';'1';'3';'25';'2150';'';'1';'0';'0';'38';'';'8';'6';'7';
'Deportivo Alavés';'Miazga';'';'11';'';'';'0';'0';'9';'831';'';'0';'0';'0';'6';'';'2';'6';'0';
'Deportivo Alavés';'Laguardia';'';'26';'';'';'0';'1';'26';'2334';'';'0';'2';'0';'19';'';'7';'10';'1';
'Deportivo Alavés';'Saul';'';'1';'';'';'0';'0';'0';'3';'';'0';'0';'0';'0';'';'0';'0';'0';
'Deportivo Alavés';'Toni Moya';'';'25';'';'';'0';'1';'16';'1318';'';'0';'0';'0';'27';'';'2';'8';'12';
'Deportivo Alavés';'Martin';'';'18';'';'';'0';'1';'16';'1460';'';'0';'0';'0';'22';'';'3';'3';'5';
'Deportivo Alavés';'Lejeune';'';'21';'';'';'1';'0';'21';'1889';'';'1';'0';'0';'29';'';'6';'12';'0';
'Deportivo Alavés';'X. Navarro';'';'10';'';'';'0';'0';'9';'717';'';'0';'0';'0';'9';'';'4';'4';'2';
'Deportivo Alavés';'Abqar';'';'0';'';'';'0';'0';'0';'0';'';'0';'0';'0';'0';'';'0';'0';'0';
'Deportivo Alavés';'Javi Lopez';'';'7';'';'';'0';'0';'4';'404';'';'0';'0';'0';'6';'';'2';'0';'1';
'Deportivo Alavés';'Loum';'';'24';'';'';'0';'0';'19';'1700';'';'0';'2';'0';'42';'';'6';'22';'8';
'Deportivo Alavés';'T. Pina';'';'22';'';'';'0';'0';'14';'1255';'';'0';'0';'0';'31';'';'3';'4';'11';
'Deportivo Alavés';'L. Rioja';'';'29';'';'';'0';'3';'28';'2442';'';'0';'1';'0';'12';'';'3';'28';'13';
'Deportivo Alavés';'Escalante';'';'10';'';'';'0';'0';'8';'731';'';'0';'2';'0';'16';'';'3';'6';'3';
'Deportivo Alavés';'Pere Pons';'';'21';'';'';'0';'0';'14';'1144';'';'0';'1';'0';'24';'';'1';'12';'14';
'Deportivo Alavés';'Alex Balboa';'';'0';'';'';'0';'0';'0';'0';'';'0';'0';'0';'0';'';'0';'0';'0';
'Deportivo Alavés';'T. Mendes';'';'0';'';'';'0';'0';'0';'0';'';'0';'0';'0';'0';'';'0';'0';'0';
'Deportivo Alavés';'Tirlea';'';'1';'';'';'0';'0';'0';'14';'';'0';'0';'0';'0';'';'0';'0';'0';
'Deportivo Alavés';'Manu Vallejo';'';'6';'';'';'0';'1';'1';'159';'';'0';'1';'0';'4';'';'0';'2';'1';
'Deportivo Alavés';'Joselu';'';'29';'';'';'0';'2';'27';'2406';'';'0';'12';'6';'41';'';'0';'50';'5';
'Deportivo Alavés';'Guidetti';'';'9';'';'';'0';'0';'2';'273';'';'0';'0';'0';'8';'';'1';'5';'2';
'Deportivo Alavés';'Manu Garcia';'';'19';'';'';'0';'0';'7';'745';'';'0';'0';'0';'16';'';'1';'1';'5';
'Deportivo Alavés';'Edgar';'';'25';'';'';'0';'0';'11';'1137';'';'0';'1';'0';'38';'';'3';'15';'9';
'Deportivo Alavés';'Pellistri';'';'18';'';'';'0';'0';'6';'597';'';'0';'0';'0';'8';'';'0';'2';'6';
'Deportivo Alavés';'Miguel';'';'16';'';'';'0';'1';'7';'565';'';'0';'0';'0';'12';'';'1';'9';'7';
'Deportivo Alavés';'Jason';'';'9';'';'';'0';'0';'6';'434';'';'0';'0';'0';'9';'';'0';'2';'5';
'Deportivo Alavés';'Godoy';'';'0';'';'';'0';'0';'0';'0';'';'0';'0';'0';'0';'';'0';'0';'0';
'Elche CF';'K. Casilla';'7';'12';'1';'0';'0';'';'12';'1080';'0';'0';'';'';'';'39';'3';'';'0';
'Elche CF';'Edgar Badia';'13';'17';'0';'8';'0';'';'17';'1530';'1';'0';'';'';'';'57';'1';'';'0';
'Elche CF';'Andreu';'0';'0';'0';'0';'0';'';'0';'0';'0';'0';'';'';'';'0';'0';'';'0';
'Elche CF';'Roco';'';'23';'';'';'0';'0';'22';'1946';'';'0';'1';'0';'27';'';'9';'6';'3';
'Elche CF';'Diego Glez.';'';'22';'';'';'0';'0';'15';'1400';'';'1';'0';'0';'16';'';'3';'2';'1';
'Elche CF';'Gonzalo Verdú';'';'15';'';'';'0';'0';'13';'1116';'';'0';'0';'0';'20';'';'11';'3';'4';
'Elche CF';'R.p. Bigas';'';'13';'';'';'0';'0';'13';'1088';'';'0';'0';'0';'7';'';'2';'5';'4';
'Elche CF';'L. Olaza';'';'1';'';'';'0';'0';'0';'4';'';'0';'0';'0';'1';'';'1';'0';'0';
'Elche CF';'H.palacios';'';'21';'';'';'0';'0';'17';'1548';'';'0';'0';'0';'25';'';'4';'0';'3';
'Elche CF';'A. Barragán';'';'14';'';'';'0';'0';'11';'901';'';'0';'0';'0';'18';'';'5';'1';'7';
'Elche CF';'John C.';'';'0';'';'';'0';'0';'0';'0';'';'0';'0';'0';'0';'';'0';'0';'0';
'Elche CF';'Carles';'';'0';'';'';'0';'0';'0';'0';'';'0';'0';'0';'0';'';'0';'0';'0';
'Elche CF';'Sergio Bono';'';'0';'';'';'0';'0';'0';'0';'';'0';'0';'0';'0';'';'0';'0';'0';
'Elche CF';'De Palmas';'';'0';'';'';'0';'0';'0';'0';'';'0';'0';'0';'0';'';'0';'0';'0';
'Elche CF';'Gumbau';'';'22';'';'';'0';'2';'13';'1266';'';'1';'0';'0';'36';'';'6';'6';'6';
'Elche CF';'Raúl Guti';'';'22';'';'';'1';'0';'13';'1220';'';'1';'0';'0';'16';'';'2';'12';'5';
'Elche CF';'T. Morente';'';'23';'';'';'0';'3';'14';'1197';'';'0';'2';'0';'24';'';'3';'14';'12';
'Elche CF';'Pastore';'';'10';'';'';'0';'0';'5';'418';'';'1';'0';'0';'6';'';'2';'3';'5';
'Elche CF';'Josan';'';'22';'';'';'0';'1';'6';'739';'';'0';'1';'0';'6';'';'1';'6';'4';
'Elche CF';'Mascarell';'';'25';'';'';'0';'0';'24';'1983';'';'0';'0';'0';'33';'';'4';'6';'13';
'Elche CF';'J. Mojica';'';'28';'';'';'0';'4';'27';'2425';'';'1';'1';'0';'26';'';'4';'8';'2';
'Elche CF';'Iván Marcone';'';'17';'';'';'0';'0';'8';'654';'';'0';'0';'0';'9';'';'3';'1';'6';
'Elche CF';'Kike';'';'4';'';'';'0';'0';'0';'72';'';'0';'0';'0';'5';'';'0';'1';'0';
'Elche CF';'Diego Bri';'';'0';'';'';'0';'0';'0';'0';'';'0';'0';'0';'0';'';'0';'0';'0';
'Elche CF';'Carrillo';'';'22';'';'';'0';'0';'7';'846';'';'0';'1';'0';'22';'';'0';'14';'2';
'Elche CF';'Lucas Boyé';'';'22';'';'';'0';'3';'20';'1647';'';'0';'7';'0';'39';'';'3';'35';'11';
'Elche CF';'Pere Milla';'';'24';'';'';'0';'3';'12';'1255';'';'0';'7';'0';'13';'';'4';'21';'5';
'Elche CF';'Fidel';'';'25';'';'';'0';'3';'23';'1829';'';'0';'5';'1';'23';'';'8';'12';'17';
'Elche CF';'Eze. Ponce';'';'5';'';'';'0';'0';'2';'210';'';'0';'1';'0';'3';'';'1';'5';'2';
'Elche CF';'P. Piatti';'';'6';'';'';'0';'0';'2';'203';'';'0';'0';'0';'5';'';'0';'2';'2';
'FC Barcelona';'Ter Stegen';'6';'26';'6';'0';'0';'';'26';'2340';'0';'0';'';'';'';'53';'3';'';'0';
'FC Barcelona';'Neto';'0';'2';'0';'0';'0';'';'2';'180';'0';'0';'';'';'';'6';'0';'';'0';
'FC Barcelona';'Iñaki Peña';'0';'0';'0';'0';'0';'';'0';'0';'0';'0';'';'';'';'0';'0';'';'0';
'FC Barcelona';'Lazar Carevic';'0';'0';'0';'0';'0';'';'0';'0';'0';'0';'';'';'';'0';'0';'';'0';
'FC Barcelona';'Arnau Tenas';'0';'0';'0';'0';'0';'';'0';'0';'0';'0';'';'';'';'0';'0';'';'0';
'FC Barcelona';'Dest';'';'18';'';'';'0';'3';'15';'1356';'';'0';'0';'0';'15';'';'1';'11';'6';
'FC Barcelona';'Piqué';'';'24';'';'';'1';'0';'22';'1895';'';'1';'1';'0';'26';'';'7';'13';'3';
'FC Barcelona';'R. Araujo';'';'22';'';'';'0';'0';'17';'1607';'';'0';'4';'0';'17';'';'4';'11';'1';
'FC Barcelona';'Dani Alves';'';'6';'';'';'0';'2';'5';'428';'';'1';'1';'0';'11';'';'1';'2';'1';
'FC Barcelona';'Lenglet';'';'13';'';'';'0';'1';'4';'475';'';'0';'0';'0';'15';'';'3';'1';'1';
'FC Barcelona';'Jordi Alba';'';'21';'';'';'0';'7';'21';'1838';'';'0';'1';'0';'21';'';'6';'14';'4';
'FC Barcelona';'S. Roberto';'';'9';'';'';'0';'1';'4';'399';'';'0';'2';'0';'1';'';'1';'4';'4';
'FC Barcelona';'Mingueza';'';'15';'';'';'0';'1';'8';'790';'';'0';'0';'0';'12';'';'2';'2';'6';
'FC Barcelona';'Umtiti';'';'1';'';'';'0';'0';'1';'90';'';'0';'0';'0';'0';'';'1';'0';'0';
'FC Barcelona';'Eric';'';'19';'';'';'0';'0';'18';'1513';'';'1';'0';'0';'24';'';'4';'2';'5';
'FC Barcelona';'Balde';'';'4';'';'';'0';'0';'1';'98';'';'0';'0';'0';'2';'';'0';'0';'1';
'FC Barcelona';'Arnau Comas';'';'0';'';'';'0';'0';'0';'0';'';'0';'0';'0';'0';'';'0';'0';'0';
'FC Barcelona';'Guillem Jaime';'';'0';'';'';'0';'0';'0';'0';'';'0';'0';'0';'0';'';'0';'0';'0';
'FC Barcelona';'Mika Marmol';'';'0';'';'';'0';'0';'0';'0';'';'0';'0';'0';'0';'';'0';'0';'0';
'FC Barcelona';'Sergio';'';'27';'';'';'0';'0';'27';'2392';'';'0';'1';'0';'41';'';'7';'6';'4';
'FC Barcelona';'Nico';'';'24';'';'';'0';'1';'11';'1022';'';'0';'2';'0';'36';'';'6';'11';'9';
'FC Barcelona';'Pedri';'';'10';'';'';'0';'1';'9';'764';'';'0';'1';'0';'1';'';'0';'6';'6';
'FC Barcelona';'Ferran';'';'8';'';'';'0';'3';'7';'641';'';'0';'4';'1';'2';'';'0';'23';'2';
'FC Barcelona';'F. De Jong';'';'23';'';'';'1';'3';'21';'1769';'';'1';'3';'0';'18';'';'4';'10';'8';
'FC Barcelona';'Gavi';'';'24';'';'';'1';'4';'20';'1588';'';'1';'2';'0';'42';'';'5';'15';'14';
'FC Barcelona';'Alvaro Sanz';'';'2';'';'';'0';'0';'0';'27';'';'0';'0';'0';'0';'';'0';'0';'0';
'FC Barcelona';'Riqui Puig';'';'11';'';'';'0';'0';'1';'310';'';'0';'1';'0';'7';'';'0';'5';'0';
'FC Barcelona';'O. Dembélé';'';'12';'';'';'0';'9';'8';'756';'';'0';'1';'0';'2';'';'1';'23';'5';
'FC Barcelona';'Memphis';'';'20';'';'';'0';'2';'15';'1437';'';'0';'10';'4';'17';'';'3';'42';'1';
'FC Barcelona';'Ansu Fati';'';'5';'';'';'0';'0';'3';'213';'';'0';'3';'0';'6';'';'0';'10';'3';
'FC Barcelona';'Adama';'';'6';'';'';'0';'2';'3';'267';'';'0';'0';'0';'6';'';'0';'5';'2';
'FC Barcelona';'Braithwaite';'';'4';'';'';'0';'1';'3';'237';'';'0';'2';'0';'5';'';'0';'4';'2';
'FC Barcelona';'De Jong';'';'15';'';'';'0';'0';'6';'572';'';'0';'5';'0';'6';'';'0';'19';'4';
'FC Barcelona';'Aubameyang';'';'7';'';'';'0';'1';'5';'444';'';'0';'7';'0';'6';'';'0';'17';'5';
'FC Barcelona';'Abde';'';'10';'';'';'0';'0';'6';'581';'';'0';'1';'0';'17';'';'4';'10';'5';
'FC Barcelona';'Ilias';'';'2';'';'';'0';'0';'2';'125';'';'0';'0';'0';'3';'';'0';'2';'2';
'FC Barcelona';'Estanis';'';'1';'';'';'0';'0';'0';'10';'';'0';'0';'0';'1';'';'0';'0';'0';
'FC Barcelona';'L.de Vega';'';'0';'';'';'0';'0';'0';'0';'';'0';'0';'0';'0';'';'0';'0';'0';
'Getafe CF';'R. Yáñez';'0';'0';'0';'0';'0';'';'0';'0';'0';'0';'';'';'';'0';'0';'';'0';
'Getafe CF';'David Soria';'14';'29';'3';'4';'0';'';'29';'2605';'1';'0';'';'';'';'69';'3';'';'1';
'Getafe CF';'Diego Conde';'1';'1';'0';'0';'0';'';'0';'5';'0';'0';'';'';'';'0';'0';'';'0';
'Getafe CF';'Djene';'';'27';'';'';'0';'1';'27';'2397';'';'1';'0';'0';'36';'';'9';'2';'1';
'Getafe CF';'Cabaco';'';'8';'';'';'0';'1';'4';'350';'';'0';'0';'0';'7';'';'3';'0';'3';
'Getafe CF';'Gaston';'';'0';'';'';'0';'0';'0';'0';'';'0';'0';'0';'0';'';'0';'0';'0';
'Getafe CF';'J. Silva';'';'9';'';'';'0';'0';'1';'221';'';'0';'0';'0';'10';'';'4';'1';'1';
'Getafe CF';'J. Cuenca';'';'25';'';'';'0';'0';'24';'2064';'';'2';'1';'0';'27';'';'4';'13';'2';
'Getafe CF';'Olivera';'';'24';'';'';'0';'2';'24';'2087';'';'0';'1';'0';'35';'';'6';'13';'4';
'Getafe CF';'Iglesias';'';'15';'';'';'0';'1';'5';'475';'';'0';'0';'0';'12';'';'0';'3';'3';
'Getafe CF';'Damián';'';'26';'';'';'0';'3';'24';'2144';'';'0';'0';'0';'36';'';'11';'11';'9';
'Getafe CF';'Mitrovic';'';'25';'';'';'0';'0';'24';'2041';'';'0';'0';'0';'14';'';'5';'4';'6';
'Getafe CF';'Chinchu';'';'0';'';'';'0';'0';'0';'0';'';'0';'0';'0';'0';'';'0';'0';'0';
'Getafe CF';'Florentino';'';'15';'';'';'0';'1';'7';'771';'';'0';'0';'0';'16';'';'1';'2';'3';
'Getafe CF';'G. Villar';'';'4';'';'';'0';'0';'1';'119';'';'0';'0';'0';'2';'';'0';'1';'0';
'Getafe CF';'Aleñá';'';'25';'';'';'0';'2';'25';'1990';'';'1';'1';'0';'45';'';'6';'25';'18';
'Getafe CF';'Jankto';'';'13';'';'';'0';'1';'5';'502';'';'1';'0';'0';'2';'';'1';'2';'2';
'Getafe CF';'M. Arambarri';'';'23';'';'';'0';'5';'23';'1947';'';'0';'0';'0';'32';'';'9';'24';'4';
'Getafe CF';'Okay';'';'3';'';'';'0';'0';'1';'108';'';'0';'0';'0';'3';'';'1';'0';'1';
'Getafe CF';'Maksimovic';'';'27';'';'';'0';'1';'27';'2356';'';'0';'1';'0';'12';'';'4';'21';'3';
'Getafe CF';'Óscar';'';'9';'';'';'0';'0';'5';'504';'';'0';'0';'0';'5';'';'2';'9';'4';
'Getafe CF';'Algobia';'';'0';'';'';'0';'0';'0';'0';'';'0';'0';'0';'0';'';'0';'0';'0';
'Getafe CF';'J. Patrick';'';'0';'';'';'0';'0';'0';'0';'';'0';'0';'0';'0';'';'0';'0';'0';
'Getafe CF';'Diego';'';'0';'';'';'0';'0';'0';'0';'';'0';'0';'0';'0';'';'0';'0';'0';
'Getafe CF';'Mata';'';'22';'';'';'0';'0';'4';'660';'';'0';'1';'0';'25';'';'7';'8';'4';
'Getafe CF';'Vitolo';'';'7';'';'';'0';'0';'1';'216';'';'0';'0';'0';'7';'';'0';'0';'1';
'Getafe CF';'Enes Ünal';'';'28';'';'';'0';'0';'24';'2009';'';'0';'14';'2';'57';'';'7';'48';'17';
'Getafe CF';'Sandro';'';'21';'';'';'0';'0';'17';'1247';'';'0';'3';'0';'28';'';'6';'29';'17';
'Getafe CF';'B. Mayoral';'';'9';'';'';'0';'1';'4';'442';'';'0';'3';'1';'8';'';'1';'4';'2';
'Granada CF';'Maximiano';'16';'26';'3';'6';'0';'';'26';'2327';'2';'0';'';'';'';'96';'2';'';'1';
'Granada CF';'Aarón';'3';'4';'1';'2';'0';'';'3';'283';'0';'1';'';'';'';'10';'1';'';'0';
'Granada CF';'Angel';'0';'0';'0';'0';'0';'';'0';'0';'0';'0';'';'';'';'0';'0';'';'0';
'Granada CF';'Kane Sarr';'0';'0';'0';'0';'0';'';'0';'0';'0';'0';'';'';'';'0';'0';'';'0';
'Granada CF';'Arias';'';'8';'';'';'0';'0';'3';'322';'';'0';'1';'0';'5';'';'1';'2';'1';
'Granada CF';'Escudero';'';'19';'';'';'0';'1';'7';'730';'';'0';'1';'0';'9';'';'3';'5';'3';
'Granada CF';'Germán';'';'24';'';'';'0';'0';'22';'1926';'';'0';'2';'0';'19';'';'9';'8';'3';
'Granada CF';'C. Neva';'';'26';'';'';'0';'0';'24';'2115';'';'0';'0';'0';'8';'';'1';'5';'9';
'Granada CF';'Víctor Díaz';'';'15';'';'';'0';'0';'11';'950';'';'0';'0';'0';'7';'';'3';'5';'6';
'Granada CF';'Quini';'';'24';'';'';'0';'0';'20';'1686';'';'0';'0';'0';'31';'';'9';'11';'7';
'Granada CF';'Domingos D.';'';'13';'';'';'0';'0';'11';'987';'';'1';'1';'0';'14';'';'4';'2';'1';
'Granada CF';'Pepe';'';'0';'';'';'0';'0';'0';'0';'';'0';'0';'0';'0';'';'0';'0';'0';
'Granada CF';'Torrente';'';'17';'';'';'0';'0';'14';'1266';'';'0';'0';'0';'24';'';'5';'2';'2';
'Granada CF';'S. Barcia';'';'0';'';'';'0';'0';'0';'0';'';'0';'0';'0';'0';'';'0';'0';'0';
'Granada CF';'Gonalons';'';'20';'';'';'0';'1';'18';'1352';'';'0';'0';'0';'27';'';'6';'6';'9';
'Granada CF';'L. Milla';'';'25';'';'';'0';'2';'24';'2072';'';'0';'2';'2';'19';'';'3';'11';'9';
'Granada CF';'Soro';'';'13';'';'';'0';'0';'7';'564';'';'0';'0';'0';'5';'';'0';'6';'6';
'Granada CF';'Yan Eteki';'';'7';'';'';'0';'0';'1';'133';'';'0';'0';'0';'9';'';'1';'1';'1';
'Granada CF';'Antonio Puertas';'';'25';'';'';'0';'1';'17';'1611';'';'0';'5';'0';'26';'';'3';'19';'11';
'Granada CF';'Nj. Petrovic';'';'7';'';'';'0';'0';'3';'327';'';'0';'0';'0';'5';'';'2';'1';'2';
'Granada CF';'Montoro J.m.';'';'21';'';'';'0';'1';'12';'1232';'';'0';'1';'0';'26';'';'5';'13';'8';
'Granada CF';'Rochina';'';'15';'';'';'0';'3';'8';'739';'';'0';'1';'0';'11';'';'3';'10';'3';
'Granada CF';'Uzuni';'';'7';'';'';'0';'0';'6';'478';'';'0';'0';'0';'9';'';'4';'5';'5';
'Granada CF';'Isma Ruiz';'';'7';'';'';'0';'0';'3';'272';'';'0';'0';'0';'2';'';'1';'2';'3';
'Granada CF';'Bryan';'';'0';'';'';'0';'0';'0';'0';'';'0';'0';'0';'0';'';'0';'0';'0';
'Granada CF';'Collado';'';'9';'';'';'0';'1';'6';'442';'';'0';'0';'0';'11';'';'0';'5';'6';
'Granada CF';'L. Suárez';'';'29';'';'';'0';'3';'27';'2314';'';'0';'7';'0';'31';'';'4';'45';'10';
'Granada CF';'D. Machis';'';'19';'';'';'0';'1';'12';'1023';'';'0';'2';'0';'15';'';'1';'17';'10';
'Granada CF';'Dani Raba';'';'1';'';'';'0';'0';'0';'19';'';'0';'0';'0';'1';'';'0';'0';'0';
'Granada CF';'M. Arezo';'';'3';'';'';'0';'0';'1';'96';'';'0';'0';'0';'0';'';'0';'1';'1';
'Granada CF';'Bacca';'';'15';'';'';'0';'1';'4';'489';'';'0';'0';'0';'3';'';'3';'6';'3';
'Granada CF';'Molina';'';'27';'';'';'0';'4';'14';'1471';'';'0';'7';'0';'12';'';'1';'24';'7';
'Granada CF';'A. Butzke';'';'1';'';'';'0';'0';'0';'1';'';'0';'0';'0';'0';'';'0';'0';'0';
'Levante UD';'Aitor Fdez.';'7';'13';'1';'2';'0';'';'13';'1167';'1';'1';'';'';'';'52';'1';'';'0';
'Levante UD';'Picon';'0';'0';'0';'0';'0';'';'0';'0';'0';'0';'';'';'';'0';'0';'';'0';
'Levante UD';'Cárdenas';'7';'16';'2';'3';'0';'';'16';'1440';'0';'0';'';'';'';'42';'2';'';'0';
'Levante UD';'Pablo';'0';'0';'0';'0';'0';'';'0';'0';'0';'0';'';'';'';'0';'0';'';'0';
'Levante UD';'Rober Pier';'';'19';'';'';'1';'0';'13';'1301';'';'1';'1';'0';'22';'';'2';'3';'2';
'Levante UD';'O. Duarte';'';'18';'';'';'0';'0';'17';'1440';'';'0';'0';'0';'21';'';'3';'11';'4';
'Levante UD';'Martin Caceres';'';'8';'';'';'0';'0';'7';'585';'';'0';'0';'0';'8';'';'2';'0';'5';
'Levante UD';'Mustafi';'';'10';'';'';'0';'0';'8';'644';'';'0';'1';'0';'3';'';'1';'3';'3';
'Levante UD';'Ruben Vezo';'';'23';'';'';'0';'0';'21';'1873';'';'0';'0';'0';'22';'';'3';'11';'1';
'Levante UD';'Postigo';'';'6';'';'';'0';'0';'4';'387';'';'0';'0';'0';'3';'';'1';'0';'1';
'Levante UD';'C. Clerc';'';'19';'';'';'0';'0';'18';'1517';'';'0';'0';'0';'23';'';'6';'1';'5';
'Levante UD';'Coke';'';'4';'';'';'0';'0';'0';'15';'';'0';'0';'0';'1';'';'0';'0';'0';
'Levante UD';'Marcelo Saracchi';'';'0';'';'';'0';'0';'0';'0';'';'0';'0';'0';'0';'';'0';'0';'0';
'Levante UD';'Joseda';'';'0';'';'';'0';'0';'0';'0';'';'0';'0';'0';'0';'';'0';'0';'0';
'Levante UD';'Jose Manuel';'';'0';'';'';'0';'0';'0';'0';'';'0';'0';'0';'0';'';'0';'0';'0';
'Levante UD';'Marc Pubill';'';'7';'';'';'0';'0';'5';'428';'';'0';'0';'0';'10';'';'1';'4';'3';
'Levante UD';'Son';'';'18';'';'';'0';'0';'15';'1337';'';'1';'1';'0';'14';'';'3';'4';'7';
'Levante UD';'Franquesa';'';'15';'';'';'0';'0';'5';'571';'';'0';'0';'0';'7';'';'1';'0';'1';
'Levante UD';'Radoja';'';'11';'';'';'0';'0';'9';'653';'';'0';'0';'0';'11';'';'1';'0';'7';
'Levante UD';'Pepelu';'';'20';'';'';'0';'0';'16';'1317';'';'0';'0';'0';'34';'';'7';'1';'9';
'Levante UD';'Bardhi';'';'23';'';'';'0';'2';'15';'1368';'';'0';'3';'2';'27';'';'3';'20';'10';
'Levante UD';'Malsa';'';'22';'';'';'0';'2';'10';'1037';'';'0';'0';'0';'17';'';'5';'6';'7';
'Levante UD';'Vukcevic';'';'6';'';'';'0';'0';'0';'113';'';'0';'0';'0';'4';'';'1';'1';'0';
'Levante UD';'De Frutos';'';'25';'';'';'0';'7';'20';'1766';'';'0';'4';'0';'39';'';'4';'36';'12';
'Levante UD';'Jorge Miramón';'';'20';'';'';'0';'0';'15';'1377';'';'0';'0';'0';'22';'';'5';'2';'4';
'Levante UD';'Melero';'';'21';'';'';'0';'2';'15';'1300';'';'0';'3';'0';'18';'';'5';'11';'10';
'Levante UD';'J.g. Campaña';'';'14';'';'';'0';'0';'12';'1065';'';'1';'2';'0';'12';'';'4';'6';'5';
'Levante UD';'Benitez';'';'0';'';'';'0';'0';'0';'0';'';'0';'0';'0';'0';'';'0';'0';'0';
'Levante UD';'Roger Ms.';'';'23';'';'';'0';'2';'21';'1787';'';'0';'5';'1';'58';'';'6';'38';'9';
'Levante UD';'A. J. Morales';'';'26';'';'';'0';'1';'22';'1925';'';'0';'7';'0';'21';'';'5';'36';'8';
'Levante UD';'Soldado';'';'14';'';'';'1';'2';'7';'594';'';'2';'1';'0';'9';'';'4';'11';'7';
'Levante UD';'Dani Gómez';'';'21';'';'';'0';'2';'6';'658';'';'0';'3';'0';'12';'';'1';'11';'8';
'Levante UD';'Cantero';'';'19';'';'';'0';'1';'2';'359';'';'0';'0';'0';'10';'';'1';'7';'2';
'Levante UD';'Faraj';'';'0';'';'';'0';'0';'0';'0';'';'0';'0';'0';'0';'';'0';'0';'0';
'Rayo Vallecano';'Luca';'6';'7';'1';'0';'0';'';'7';'556';'0';'1';'';'';'';'22';'0';'';'0';
'Rayo Vallecano';'Dimitrievski';'23';'22';'6';'8';'0';'';'21';'1961';'2';'0';'';'';'';'59';'0';'';'0';
'Rayo Vallecano';'Adrian';'0';'0';'0';'0';'0';'';'0';'0';'0';'0';'';'';'';'0';'0';'';'0';
'Rayo Vallecano';'Maras';'';'7';'';'';'0';'0';'4';'436';'';'0';'0';'0';'5';'';'2';'0';'1';
'Rayo Vallecano';'Catena';'';'26';'';'';'0';'1';'26';'2340';'';'0';'1';'0';'19';'';'5';'12';'0';
'Rayo Vallecano';'Rodrigues';'';'9';'';'';'0';'0';'3';'266';'';'0';'0';'0';'3';'';'0';'1';'2';
'Rayo Vallecano';'Balliu';'';'27';'';'';'0';'2';'27';'2430';'';'0';'1';'0';'38';'';'8';'6';'0';
'Rayo Vallecano';'E. Saveljilch';'';'21';'';'';'0';'0';'21';'1707';'';'0';'0';'0';'23';'';'4';'8';'9';
'Rayo Vallecano';'Iker Recio';'';'0';'';'';'0';'0';'0';'0';'';'0';'0';'0';'0';'';'0';'0';'0';
'Rayo Vallecano';'Fran Garcia';'';'26';'';'';'0';'0';'26';'2323';'';'0';'1';'0';'22';'';'3';'11';'1';
'Rayo Vallecano';'M. Suárez';'';'8';'';'';'0';'0';'5';'463';'';'0';'0';'0';'10';'';'1';'5';'0';
'Rayo Vallecano';'Santi C.v.';'';'27';'';'';'0';'2';'25';'2147';'';'0';'1';'0';'44';'';'7';'18';'13';
'Rayo Vallecano';'Isi';'';'27';'';'';'0';'1';'20';'1737';'';'0';'2';'0';'24';'';'5';'29';'16';
'Rayo Vallecano';'Nteka';'';'24';'';'';'0';'0';'10';'990';'';'0';'3';'0';'28';'';'1';'23';'10';
'Rayo Vallecano';'Unai Lopez';'';'18';'';'';'0';'0';'8';'683';'';'0';'0';'0';'12';'';'2';'8';'7';
'Rayo Vallecano';'Álvaro';'';'26';'';'';'0';'2';'24';'2123';'';'0';'5';'0';'16';'';'5';'45';'8';
'Rayo Vallecano';'Pathé Ciss';'';'23';'';'';'0';'1';'9';'787';'';'0';'1';'0';'11';'';'4';'10';'8';
'Rayo Vallecano';'Óscar';'';'25';'';'';'0';'0';'20';'1796';'';'0';'0';'0';'43';'';'6';'5';'10';
'Rayo Vallecano';'Gimeno';'';'0';'';'';'0';'0';'0';'0';'';'0';'0';'0';'0';'';'0';'0';'0';
'Rayo Vallecano';'Aguirre';'';'1';'';'';'0';'0';'0';'8';'';'0';'0';'0';'0';'';'0';'0';'0';
'Rayo Vallecano';'Manu';'';'0';'';'';'0';'0';'0';'0';'';'0';'0';'0';'0';'';'0';'0';'0';
'Rayo Vallecano';'Mario H.';'';'3';'';'';'0';'0';'2';'144';'';'0';'1';'0';'1';'';'0';'1';'2';
'Rayo Vallecano';'Falcao';'';'17';'';'';'0';'0';'7';'662';'';'0';'5';'0';'14';'';'1';'23';'6';
'Rayo Vallecano';'Oscar Trejo';'';'26';'';'';'0';'9';'21';'1739';'';'0';'3';'3';'50';'';'10';'12';'19';
'Rayo Vallecano';'Bebé';'';'23';'';'';'0';'2';'4';'609';'';'0';'1';'0';'10';'';'2';'21';'4';
'Rayo Vallecano';'M. Sylla';'';'7';'';'';'0';'0';'1';'177';'';'0';'0';'0';'5';'';'1';'6';'1';
'Rayo Vallecano';'Sergi Guardiola';'';'23';'';'';'0';'2';'13';'1133';'';'0';'3';'0';'23';'';'2';'27';'11';
'Rayo Vallecano';'Merquelanz';'';'4';'';'';'0';'0';'3';'176';'';'0';'0';'0';'2';'';'0';'2';'3';
'Rayo Vallecano';'Vere';'';'0';'';'';'0';'0';'0';'0';'';'0';'0';'0';'0';'';'0';'0';'0';
'RC Celta';'Dituro';'22';'29';'2';'5';'0';'';'29';'2610';'3';'0';'';'';'';'78';'0';'';'0';
'RC Celta';'Ruben Blanco';'0';'0';'0';'0';'0';'';'0';'0';'0';'0';'';'';'';'0';'0';'';'0';
'RC Celta';'Gaizka';'0';'0';'0';'0';'0';'';'0';'0';'0';'0';'';'';'';'0';'0';'';'0';
'RC Celta';'Carrillo';'0';'0';'0';'0';'0';'';'0';'0';'0';'0';'';'';'';'0';'0';'';'0';
'RC Celta';'Cesar Fernández';'0';'0';'0';'0';'0';'';'0';'0';'0';'0';'';'';'';'0';'0';'';'0';
'RC Celta';'Hugo Mallo';'';'21';'';'';'2';'1';'21';'1828';'';'2';'1';'0';'38';'';'3';'13';'2';
'RC Celta';'Nestor';'';'26';'';'';'0';'0';'21';'1910';'';'0';'0';'0';'16';'';'4';'7';'4';
'RC Celta';'Aidoo Jr';'';'23';'';'';'0';'0';'21';'1831';'';'0';'0';'0';'6';'';'1';'3';'5';
'RC Celta';'Fontan';'';'6';'';'';'0';'0';'3';'266';'';'0';'0';'0';'10';'';'3';'1';'1';
'RC Celta';'Kevin V.';'';'8';'';'';'0';'1';'7';'665';'';'0';'0';'0';'8';'';'1';'1';'1';
'RC Celta';'Murillo';'';'15';'';'';'0';'0';'11';'975';'';'0';'0';'0';'10';'';'3';'3';'4';
'RC Celta';'C. Dominguez';'';'5';'';'';'0';'0';'3';'300';'';'0';'0';'0';'3';'';'1';'1';'1';
'RC Celta';'Medrano';'';'0';'';'';'0';'0';'0';'0';'';'0';'0';'0';'0';'';'0';'0';'0';
'RC Celta';'Castro';'';'0';'';'';'0';'0';'0';'0';'';'0';'0';'0';'0';'';'0';'0';'0';
'RC Celta';'Carrique';'';'0';'';'';'0';'0';'0';'0';'';'0';'0';'0';'0';'';'0';'0';'0';
'RC Celta';'Denis Suárez';'';'29';'';'';'0';'2';'25';'2121';'';'0';'3';'0';'34';'';'4';'10';'16';
'RC Celta';'Fran Beltran';'';'29';'';'';'0';'0';'23';'1987';'';'0';'0';'0';'12';'';'3';'8';'12';
'RC Celta';'Tapia';'';'23';'';'';'0';'0';'12';'1197';'';'0';'0';'0';'31';'';'8';'8';'7';
'RC Celta';'Javi Galan';'';'28';'';'';'0';'2';'28';'2490';'';'0';'0';'0';'38';'';'5';'11';'2';
'RC Celta';'Orbelin';'';'3';'';'';'0';'0';'0';'34';'';'0';'0';'0';'0';'';'0';'3';'0';
'RC Celta';'Solari';'';'19';'';'';'0';'0';'2';'501';'';'0';'0';'0';'15';'';'4';'5';'2';
'RC Celta';'Brais Méndez';'';'28';'';'';'0';'4';'27';'2294';'';'0';'4';'0';'57';'';'7';'29';'11';
'RC Celta';'Gabri Veiga';'';'2';'';'';'0';'0';'0';'7';'';'0';'0';'0';'0';'';'0';'0';'0';
'RC Celta';'Hugo Sotelo';'';'1';'';'';'0';'0';'0';'1';'';'0';'0';'0';'0';'';'0';'0';'0';
'RC Celta';'Hugo Alvarez';'';'1';'';'';'0';'0';'0';'10';'';'0';'0';'0';'0';'';'0';'1';'0';
'RC Celta';'Thiago Galhardo';'';'23';'';'';'0';'1';'4';'679';'';'0';'1';'0';'13';'';'3';'16';'3';
'RC Celta';'Nolito';'';'26';'';'';'0';'0';'13';'1137';'';'0';'1';'0';'15';'';'1';'13';'12';
'RC Celta';'Iago Aspas';'';'28';'';'';'0';'4';'27';'2307';'';'0';'13';'3';'18';'';'8';'44';'8';
'RC Celta';'Cervi';'';'26';'';'';'0';'3';'15';'1337';'';'0';'3';'0';'14';'';'5';'13';'13';
'RC Celta';'S. Mina';'';'28';'';'';'0';'3';'26';'2076';'';'0';'7';'0';'46';'';'4';'43';'13';
'RC Celta';'Alfonso';'';'0';'';'';'0';'0';'0';'0';'';'0';'0';'0';'0';'';'0';'0';'0';
'RCD Espanyol de Barcelona';'Oier';'0';'1';'0';'0';'0';'';'0';'45';'0';'0';'';'';'';'3';'0';'';'0';
'RCD Espanyol de Barcelona';'Diego Lopez';'20';'28';'5';'2';'0';'';'28';'2458';'0';'0';'';'';'';'87';'3';'';'2';
'RCD Espanyol de Barcelona';'J. Garcia';'0';'2';'0';'0';'0';'';'1';'107';'0';'0';'';'';'';'0';'0';'';'0';
'RCD Espanyol de Barcelona';'M. Llambrich';'';'2';'';'';'0';'0';'1';'70';'';'0';'0';'0';'0';'';'0';'0';'1';
'RCD Espanyol de Barcelona';'Pedrosa';'';'27';'';'';'0';'1';'27';'2365';'';'0';'1';'0';'17';'';'7';'16';'3';
'RCD Espanyol de Barcelona';'Cabrera';'';'28';'';'';'0';'0';'28';'2520';'';'0';'2';'0';'25';'';'6';'10';'0';
'RCD Espanyol de Barcelona';'Calero';'';'8';'';'';'0';'0';'6';'479';'';'0';'0';'0';'3';'';'1';'0';'3';
'RCD Espanyol de Barcelona';'Oscar Gil';'';'19';'';'';'0';'2';'17';'1487';'';'0';'0';'0';'31';'';'6';'5';'10';
'RCD Espanyol de Barcelona';'Didac';'';'5';'';'';'0';'0';'1';'164';'';'0';'0';'0';'4';'';'1';'0';'0';
'RCD Espanyol de Barcelona';'Aleix V.c';'';'23';'';'';'0';'0';'16';'1437';'';'0';'2';'0';'14';'';'6';'2';'10';
'RCD Espanyol de Barcelona';'S. Gómez';'';'25';'';'';'0';'2';'25';'2193';'';'1';'1';'0';'11';'';'1';'5';'2';
'RCD Espanyol de Barcelona';'Gori';'';'1';'';'';'0';'0';'0';'8';'';'0';'0';'0';'1';'';'1';'0';'0';
'RCD Espanyol de Barcelona';'Morlanes';'';'23';'';'';'0';'0';'10';'1028';'';'1';'2';'0';'12';'';'5';'4';'9';
'RCD Espanyol de Barcelona';'Fran Merida';'';'7';'';'';'0';'0';'2';'165';'';'1';'0';'0';'4';'';'1';'1';'2';
'RCD Espanyol de Barcelona';'Puado';'';'21';'';'';'0';'1';'17';'1482';'';'0';'4';'0';'16';'';'5';'17';'11';
'RCD Espanyol de Barcelona';'S. Darder';'';'27';'';'';'0';'7';'27';'2322';'';'0';'3';'0';'17';'';'2';'26';'11';
'RCD Espanyol de Barcelona';'Melendo';'';'14';'';'';'0';'0';'11';'699';'';'0';'0';'0';'5';'';'0';'3';'11';
'RCD Espanyol de Barcelona';'David Lopez';'';'13';'';'';'0';'0';'6';'519';'';'0';'0';'0';'7';'';'1';'3';'5';
'RCD Espanyol de Barcelona';'Vilhena';'';'8';'';'';'0';'1';'7';'436';'';'0';'1';'0';'7';'';'2';'5';'7';
'RCD Espanyol de Barcelona';'K. Bare';'';'21';'';'';'0';'1';'14';'1257';'';'0';'1';'0';'21';'';'8';'2';'8';
'RCD Espanyol de Barcelona';'Herrera';'';'16';'';'';'0';'1';'12';'1088';'';'0';'1';'0';'29';'';'3';'9';'6';
'RCD Espanyol de Barcelona';'Svensson';'';'0';'';'';'0';'0';'0';'0';'';'0';'0';'0';'0';'';'0';'0';'0';
'RCD Espanyol de Barcelona';'Alvaro G.';'';'0';'';'';'0';'0';'0';'0';'';'0';'0';'0';'0';'';'0';'0';'0';
'RCD Espanyol de Barcelona';'Roger';'';'0';'';'';'0';'0';'0';'0';'';'0';'0';'0';'0';'';'0';'0';'0';
'RCD Espanyol de Barcelona';'Ruben';'';'2';'';'';'0';'0';'0';'17';'';'0';'0';'0';'0';'';'0';'0';'0';
'RCD Espanyol de Barcelona';'Villahermosa';'';'0';'';'';'0';'0';'0';'0';'';'0';'0';'0';'0';'';'0';'0';'0';
'RCD Espanyol de Barcelona';'Wu Lei';'';'16';'';'';'0';'0';'3';'321';'';'0';'0';'0';'4';'';'0';'2';'3';
'RCD Espanyol de Barcelona';'R.d.t';'';'27';'';'';'1';'3';'27';'2378';'';'2';'14';'4';'32';'';'4';'74';'9';
'RCD Espanyol de Barcelona';'Loren';'';'19';'';'';'0';'0';'3';'470';'';'0';'1';'0';'10';'';'0';'6';'3';
'RCD Espanyol de Barcelona';'Dimata';'';'16';'';'';'0';'0';'4';'520';'';'0';'0';'0';'14';'';'0';'6';'3';
'RCD Espanyol de Barcelona';'Nico M.r.';'';'26';'';'';'1';'0';'5';'866';'';'1';'1';'0';'23';'';'3';'9';'5';
'RCD Espanyol de Barcelona';'Embarba';'';'26';'';'';'0';'2';'21';'1729';'';'0';'0';'0';'24';'';'3';'32';'15';
'RCD Espanyol de Barcelona';'Gorjon';'';'0';'';'';'0';'0';'0';'0';'';'0';'0';'0';'0';'';'0';'0';'0';
'RCD Espanyol de Barcelona';'Jofre C.';'';'2';'';'';'0';'1';'0';'14';'';'0';'0';'0';'0';'';'0';'0';'0';
'RCD Espanyol de Barcelona';'Recasens';'';'1';'';'';'0';'0';'0';'45';'';'0';'0';'0';'0';'';'0';'0';'0';
'RCD Mallorca';'M. Reina';'9';'18';'5';'3';'0';'';'18';'1620';'1';'1';'';'';'';'45';'4';'';'0';
'RCD Mallorca';'Greif';'0';'1';'0';'0';'0';'';'1';'90';'0';'0';'';'';'';'3';'0';'';'0';
'RCD Mallorca';'Sergio Rico';'0';'8';'0';'3';'0';'';'8';'720';'0';'0';'';'';'';'19';'0';'';'0';
'RCD Mallorca';'F. Quetglas';'0';'0';'0';'0';'0';'';'0';'0';'0';'0';'';'';'';'0';'0';'';'0';
'RCD Mallorca';'Leo Roman';'1';'2';'0';'1';'0';'';'2';'180';'0';'0';'';'';'';'10';'0';'';'0';
'RCD Mallorca';'Pere Joan';'0';'0';'0';'0';'0';'';'0';'0';'0';'0';'';'';'';'0';'0';'';'0';
'RCD Mallorca';'G. Gonzalez';'';'5';'';'';'0';'0';'2';'196';'';'0';'1';'0';'1';'';'0';'2';'2';
'RCD Mallorca';'B. Olivan';'';'19';'';'';'0';'0';'16';'1484';'';'0';'1';'0';'24';'';'5';'14';'1';
'RCD Mallorca';'F. Russo';'';'15';'';'';'1';'0';'15';'1301';'';'1';'1';'0';'19';'';'3';'4';'1';
'RCD Mallorca';'Maffeo';'';'26';'';'';'0';'0';'26';'2186';'';'0';'1';'0';'21';'';'5';'17';'7';
'RCD Mallorca';'J. Costa';'';'19';'';'';'0';'3';'15';'1386';'';'1';'0';'0';'17';'';'5';'4';'2';
'RCD Mallorca';'Sedlar';'';'10';'';'';'1';'0';'3';'401';'';'1';'0';'0';'9';'';'3';'0';'0';
'RCD Mallorca';'A. Raillo';'';'9';'';'';'0';'0';'9';'810';'';'0';'0';'0';'11';'';'5';'3';'0';
'RCD Mallorca';'Valjent';'';'28';'';'';'0';'0';'28';'2462';'';'0';'0';'0';'17';'';'3';'3';'2';
'RCD Mallorca';'M. Carmona';'';'0';'';'';'0';'0';'0';'0';'';'0';'0';'0';'0';'';'0';'0';'0';
'RCD Mallorca';'J. Gayà';'';'1';'';'';'0';'0';'1';'59';'';'0';'0';'0';'0';'';'0';'0';'1';
'RCD Mallorca';'Miguelito';'';'0';'';'';'0';'0';'0';'0';'';'0';'0';'0';'0';'';'0';'0';'0';
'RCD Mallorca';'Grenier';'';'1';'';'';'0';'0';'0';'4';'';'0';'0';'0';'0';'';'0';'0';'0';
'RCD Mallorca';'Salva Sevilla';'';'20';'';'';'0';'2';'11';'997';'';'0';'4';'4';'13';'';'0';'14';'10';
'RCD Mallorca';'Sanchez';'';'20';'';'';'0';'0';'13';'1119';'';'0';'1';'0';'28';'';'1';'9';'13';
'RCD Mallorca';'Baba';'';'21';'';'';'0';'1';'18';'1564';'';'0';'1';'0';'31';'';'7';'14';'9';
'RCD Mallorca';'Dani Rodriguez';'';'27';'';'';'0';'2';'27';'2332';'';'0';'3';'0';'49';'';'5';'20';'9';
'RCD Mallorca';'Battaglia';'';'19';'';'';'1';'0';'7';'708';'';'1';'0';'0';'17';'';'3';'2';'3';
'RCD Mallorca';'Take';'';'20';'';'';'0';'0';'15';'1281';'';'0';'1';'0';'13';'';'3';'26';'12';
'RCD Mallorca';'Lee Kang In';'';'23';'';'';'1';'2';'14';'1221';'';'1';'1';'0';'21';'';'1';'25';'11';
'RCD Mallorca';'Giaquinto';'';'0';'';'';'0';'0';'0';'0';'';'0';'0';'0';'0';'';'0';'0';'0';
'RCD Mallorca';'Muriqi';'';'8';'';'';'0';'1';'8';'719';'';'0';'2';'1';'11';'';'4';'20';'1';
'RCD Mallorca';'Abdon';'';'19';'';'';'0';'0';'4';'471';'';'0';'1';'0';'6';'';'4';'11';'4';
'RCD Mallorca';'Hoppe';'';'4';'';'';'0';'1';'1';'128';'';'0';'0';'0';'4';'';'0';'1';'1';
'RCD Mallorca';'Ángel';'';'22';'';'';'0';'2';'15';'1158';'';'0';'3';'0';'28';'';'4';'19';'14';
'RCD Mallorca';'Amath';'';'18';'';'';'0';'1';'8';'828';'';'0';'0';'0';'19';'';'5';'8';'7';
'RCD Mallorca';'F. Niño';'';'20';'';'';'0';'0';'7';'755';'';'0';'2';'0';'12';'';'2';'17';'5';
'RCD Mallorca';'Galvez';'';'0';'';'';'0';'0';'0';'0';'';'0';'0';'0';'0';'';'0';'0';'0';
'RCD Mallorca';'Javi Llabres';'';'4';'';'';'0';'0';'1';'124';'';'0';'0';'0';'0';'';'0';'2';'1';
'Real Betis';'Joel Robles';'0';'0';'0';'0';'0';'';'0';'0';'0';'0';'';'';'';'0';'0';'';'0';
'Real Betis';'Rui Silva';'10';'17';'3';'2';'0';'';'17';'1530';'0';'0';'';'';'';'40';'2';'';'0';
'Real Betis';'C. Bravo';'4';'12';'1';'1';'0';'';'12';'1080';'0';'0';'';'';'';'31';'1';'';'0';
'Real Betis';'D. Rebollo';'0';'0';'0';'0';'0';'';'0';'0';'0';'0';'';'';'';'0';'0';'';'0';
'Real Betis';'Montoya';'';'6';'';'';'0';'1';'6';'519';'';'0';'0';'0';'8';'';'2';'4';'1';
'Real Betis';'Bartra';'';'16';'';'';'0';'0';'16';'1364';'';'0';'0';'0';'11';'';'1';'9';'1';
'Real Betis';'Victor Ruiz';'';'16';'';'';'0';'0';'15';'1245';'';'0';'0';'0';'7';'';'2';'2';'2';
'Real Betis';'Pezzella';'';'15';'';'';'0';'0';'14';'1280';'';'1';'1';'0';'20';'';'5';'8';'2';
'Real Betis';'Bellerin';'';'19';'';'';'0';'2';'19';'1687';'';'1';'0';'0';'22';'';'2';'4';'0';
'Real Betis';'Sabaly';'';'3';'';'';'0';'1';'3';'270';'';'0';'0';'0';'1';'';'0';'1';'0';
'Real Betis';'F. Delgado';'';'0';'';'';'0';'0';'0';'0';'';'0';'0';'0';'0';'';'0';'0';'0';
'Real Betis';'Miranda';'';'10';'';'';'0';'1';'8';'682';'';'0';'0';'0';'11';'';'3';'4';'2';
'Real Betis';'Marc Baró';'';'0';'';'';'0';'0';'0';'0';'';'0';'0';'0';'0';'';'0';'0';'0';
'Real Betis';'Edgar';'';'19';'';'';'0';'1';'13';'1358';'';'0';'1';'0';'19';'';'6';'4';'0';
'Real Betis';'Paul';'';'7';'';'';'0';'0';'5';'428';'';'0';'0';'0';'12';'';'2';'2';'3';
'Real Betis';'Canales';'';'26';'';'';'0';'5';'25';'2093';'';'0';'4';'0';'14';'';'6';'30';'12';
'Real Betis';'William';'';'26';'';'';'0';'3';'16';'1445';'';'0';'1';'0';'22';'';'4';'18';'10';
'Real Betis';'A. Guardado';'';'22';'';'';'0';'1';'13';'1114';'';'0';'0';'0';'17';'';'3';'8';'8';
'Real Betis';'Diego Lainez';'';'6';'';'';'0';'0';'1';'104';'';'0';'0';'0';'4';'';'0';'1';'1';
'Real Betis';'G. Rodriguez';'';'24';'';'';'1';'2';'21';'1813';'';'1';'1';'0';'35';'';'6';'9';'5';
'Real Betis';'Camarasa';'';'7';'';'';'0';'0';'0';'102';'';'0';'0';'0';'2';'';'0';'1';'0';
'Real Betis';'Rodri';'';'16';'';'';'0';'1';'9';'758';'';'0';'1';'0';'1';'';'0';'12';'9';
'Real Betis';'K. Hermoso';'';'1';'';'';'0';'0';'1';'90';'';'0';'1';'0';'1';'';'0';'2';'0';
'Real Betis';'Marchena';'';'0';'';'';'0';'0';'0';'0';'';'0';'0';'0';'0';'';'0';'0';'0';
'Real Betis';'Juanmi';'';'24';'';'';'0';'1';'19';'1541';'';'0';'12';'0';'32';'';'5';'36';'17';
'Real Betis';'Fekir';'';'26';'';'';'0';'6';'25';'2155';'';'1';'6';'0';'50';'';'7';'47';'12';
'Real Betis';'B. Iglesias';'';'25';'';'';'0';'0';'14';'1166';'';'0';'8';'2';'25';'';'4';'27';'13';
'Real Betis';'C. Tello';'';'19';'';'';'0';'2';'4';'714';'';'0';'1';'0';'9';'';'2';'16';'2';
'Real Betis';'Willian J.';'';'24';'';'';'0';'4';'14';'1214';'';'0';'7';'3';'10';'';'1';'17';'12';
'Real Betis';'Alex Moreno';'';'21';'';'';'0';'2';'20';'1697';'';'1';'4';'0';'24';'';'1';'15';'3';
'Real Betis';'Joaquín';'';'13';'';'';'0';'1';'1';'238';'';'0';'0';'0';'1';'';'0';'3';'1';
'Real Betis';'Aitor R.';'';'16';'';'';'0';'0';'7';'677';'';'0';'0';'0';'22';'';'5';'10';'6';
'Real Betis';'Raul';'';'0';'';'';'0';'0';'0';'0';'';'0';'0';'0';'0';'';'0';'0';'0';
'Real Madrid';'Courtois';'16';'29';'1';'3';'0';'';'29';'2610';'1';'0';'';'';'';'78';'1';'';'0';
'Real Madrid';'Lunin';'0';'0';'0';'0';'0';'';'0';'0';'0';'0';'';'';'';'0';'0';'';'0';
'Real Madrid';'Luis López';'0';'0';'0';'0';'0';'';'0';'0';'0';'0';'';'';'';'0';'0';'';'0';
'Real Madrid';'Fuidias';'0';'0';'0';'0';'0';'';'0';'0';'0';'0';'';'';'';'0';'0';'';'0';
'Real Madrid';'Diego Piñeiro';'0';'0';'0';'0';'0';'';'0';'0';'0';'0';'';'';'';'0';'0';'';'0';
'Real Madrid';'Carvajal';'';'19';'';'';'0';'1';'15';'1270';'';'0';'1';'0';'16';'';'1';'7';'8';
'Real Madrid';'E. Militão';'';'27';'';'';'0';'2';'27';'2430';'';'0';'1';'0';'33';'';'4';'21';'0';
'Real Madrid';'Alaba';'';'26';'';'';'0';'3';'26';'2333';'';'0';'1';'0';'16';'';'2';'11';'1';
'Real Madrid';'Vallejo';'';'1';'';'';'0';'0';'0';'7';'';'0';'0';'0';'0';'';'0';'0';'0';
'Real Madrid';'Nacho';'';'20';'';'';'0';'0';'12';'1089';'';'0';'2';'0';'10';'';'3';'4';'2';
'Real Madrid';'Marcelo';'';'9';'';'';'0';'1';'3';'321';'';'0';'0';'0';'0';'';'0';'0';'3';
'Real Madrid';'F. Mendy';'';'18';'';'';'0';'1';'17';'1466';'';'0';'1';'0';'14';'';'4';'7';'5';
'Real Madrid';'Gila';'';'0';'';'';'0';'0';'0';'0';'';'0';'0';'0';'0';'';'0';'0';'0';
'Real Madrid';'Gutierrez';'';'3';'';'';'0';'1';'3';'262';'';'0';'0';'0';'3';'';'1';'0';'2';
'Real Madrid';'Rafa Marin';'';'0';'';'';'0';'0';'0';'0';'';'0';'0';'0';'0';'';'0';'0';'0';
'Real Madrid';'Santos';'';'1';'';'';'0';'0';'0';'10';'';'0';'0';'0';'0';'';'0';'0';'0';
'Real Madrid';'Kroos';'';'20';'';'';'0';'3';'20';'1666';'';'0';'1';'0';'15';'';'3';'33';'7';
'Real Madrid';'Modrić';'';'22';'';'';'0';'5';'20';'1667';'';'0';'2';'1';'20';'';'4';'11';'14';
'Real Madrid';'Asensio';'';'24';'';'';'0';'0';'14';'1291';'';'0';'8';'0';'7';'';'2';'37';'11';
'Real Madrid';'Casemiro';'';'26';'';'';'0';'3';'25';'2153';'';'0';'0';'0';'46';'';'9';'22';'5';
'Real Madrid';'Valverde';'';'23';'';'';'0';'1';'14';'1332';'';'0';'0';'0';'11';'';'1';'18';'7';
'Real Madrid';'D. Ceballos';'';'5';'';'';'0';'0';'0';'41';'';'0';'0';'0';'0';'';'1';'0';'0';
'Real Madrid';'Isco';'';'11';'';'';'0';'0';'3';'258';'';'0';'1';'0';'4';'';'1';'5';'3';
'Real Madrid';'Camavinga';'';'19';'';'';'0';'0';'7';'720';'';'0';'2';'0';'24';'';'6';'6';'4';
'Real Madrid';'Blanco';'';'1';'';'';'0';'0';'0';'30';'';'0';'0';'0';'1';'';'0';'0';'0';
'Real Madrid';'Peter';'';'2';'';'';'0';'0';'0';'9';'';'0';'0';'0';'0';'';'0';'1';'0';
'Real Madrid';'Hazard';'';'17';'';'';'0';'1';'7';'688';'';'0';'0';'0';'8';'';'1';'9';'6';
'Real Madrid';'Benzema';'';'25';'';'';'0';'11';'25';'2058';'';'0';'22';'5';'13';'';'0';'72';'10';
'Real Madrid';'Jović';'';'13';'';'';'0';'2';'0';'283';'';'0';'1';'0';'2';'';'0';'9';'0';
'Real Madrid';'Lucas V.';'';'21';'';'';'0';'0';'12';'1153';'';'0';'1';'0';'23';'';'2';'8';'7';
'Real Madrid';'Bale';'';'4';'';'';'0';'0';'4';'267';'';'0';'1';'0';'3';'';'2';'11';'4';
'Real Madrid';'Vini Jr.';'';'27';'';'';'0';'6';'25';'2211';'';'0';'14';'0';'24';'';'6';'50';'14';
'Real Madrid';'Rodrygo';'';'24';'';'';'0';'1';'10';'912';'';'0';'0';'0';'14';'';'3';'16';'10';
'Real Madrid';'Mariano';'';'5';'';'';'0';'1';'1';'169';'';'0';'0';'0';'1';'';'0';'5';'0';
'Real Madrid';'Latasa';'';'0';'';'';'0';'0';'0';'0';'';'0';'0';'0';'0';'';'0';'0';'0';
'Real Sociedad';'A. Remiro';'12';'26';'2';'4';'0';'';'26';'2340';'1';'0';'';'';'';'58';'1';'';'0';
'Real Sociedad';'Ryan';'2';'3';'0';'1';'0';'';'3';'270';'0';'0';'';'';'';'10';'0';'';'0';
'Real Sociedad';'Marrero';'0';'2';'0';'0';'0';'';'1';'171';'0';'0';'';'';'';'4';'0';'';'0';
'Real Sociedad';'Ayesa';'13';'18';'0';'0';'0';'';'18';'1620';'0';'0';'';'';'';'50';'0';'';'0';
'Real Sociedad';'Zaldua';'';'19';'';'';'0';'0';'11';'904';'';'0';'0';'0';'15';'';'4';'2';'6';
'Real Sociedad';'Aritz';'';'25';'';'';'0';'1';'20';'1863';'';'1';'4';'0';'17';'';'3';'9';'2';
'Real Sociedad';'Aihen';'';'18';'';'';'1';'0';'15';'1326';'';'1';'0';'0';'27';'';'2';'4';'5';
'Real Sociedad';'Rico';'';'12';'';'';'0';'0';'10';'854';'';'0';'0';'0';'12';'';'2';'0';'3';
'Real Sociedad';'Gorosabel';'';'23';'';'';'0';'1';'19';'1755';'';'0';'0';'0';'22';'';'4';'2';'10';
'Real Sociedad';'Monreal';'';'0';'';'';'0';'0';'0';'0';'';'0';'0';'0';'0';'';'0';'0';'0';
'Real Sociedad';'Le Normand';'';'29';'';'';'0';'1';'29';'2610';'';'0';'0';'0';'27';'';'3';'9';'0';
'Real Sociedad';'Pacheco';'';'2';'';'';'0';'0';'2';'180';'';'0';'0';'0';'2';'';'1';'0';'0';
'Real Sociedad';'Gonzalez De Zarate';'';'27';'';'';'0';'1';'27';'2415';'';'0';'0';'0';'11';'';'4';'3';'3';
'Real Sociedad';'Sola';'';'8';'';'';'0';'0';'4';'431';'';'0';'0';'0';'6';'';'1';'6';'3';
'Real Sociedad';'Gomez';'';'0';'';'';'0';'0';'0';'0';'';'0';'0';'0';'0';'';'0';'0';'0';
'Real Sociedad';'Romero';'';'1';'';'';'0';'0';'0';'16';'';'0';'0';'0';'1';'';'0';'1';'0';
'Real Sociedad';'Zubimendi';'';'27';'';'';'0';'1';'17';'1776';'';'0';'1';'0';'22';'';'3';'8';'0';
'Real Sociedad';'Illarra';'';'4';'';'';'0';'0';'3';'185';'';'0';'0';'0';'3';'';'1';'0';'3';
'Real Sociedad';'Zubeldia';'';'';'';'';'';'';'';'';'';'';'';'';'';'';'';'';'';
'Real Sociedad';'Portu';'';'28';'';'';'0';'2';'15';'1378';'';'0';'0';'0';'15';'';'3';'14';'14';
'Real Sociedad';'Merino';'';'25';'';'';'0';'2';'25';'2156';'';'0';'3';'0';'47';'';'7';'26';'6';
'Real Sociedad';'Januzaj';'';'25';'';'';'0';'0';'15';'1326';'';'0';'2';'1';'21';'';'5';'21';'14';
'Real Sociedad';'Guridi';'';'5';'';'';'0';'0';'1';'157';'';'0';'0';'0';'2';'';'0';'1';'1';
'Real Sociedad';'Guevara';'';'15';'';'';'0';'0';'11';'855';'';'0';'0';'0';'13';'';'2';'2';'8';
'Real Sociedad';'Rafael';'';'8';'';'';'0';'0';'5';'462';'';'0';'1';'0';'6';'';'0';'4';'5';
'Real Sociedad';'Silva';'';'19';'';'';'0';'1';'16';'1205';'';'0';'1';'0';'16';'';'2';'11';'14';
'Real Sociedad';'Turrientes';'';'12';'';'';'0';'0';'12';'1031';'';'0';'0';'0';'8';'';'2';'12';'5';
'Real Sociedad';'Navarro';'';'15';'';'';'0';'1';'15';'1053';'';'0';'0';'0';'7';'';'0';'21';'13';
'Real Sociedad';'Djouahra';'';'18';'';'';'0';'0';'11';'990';'';'0';'0';'0';'7';'';'0';'10';'9';
'Real Sociedad';'Olasagasti';'';'26';'';'';'0';'2';'25';'2270';'';'0';'4';'0';'22';'';'3';'19';'2';
'Real Sociedad';'Carlos Fdez';'';'0';'';'';'0';'0';'0';'0';'';'0';'0';'0';'0';'';'0';'0';'0';
'Real Sociedad';'Oyarzabal';'';'22';'';'';'0';'3';'19';'1673';'';'1';'9';'4';'14';'';'0';'29';'7';
'Real Sociedad';'Isak';'';'24';'';'';'0';'2';'19';'1548';'';'0';'4';'1';'21';'';'2';'37';'16';
'Real Sociedad';'Barrenetxea';'';'11';'';'';'0';'1';'6';'548';'';'0';'1';'0';'10';'';'0';'7';'6';
'Real Sociedad';'Sørloth';'';'24';'';'';'0';'0';'11';'1000';'';'0';'1';'0';'17';'';'1';'14';'9';
'Real Sociedad';'Karrikaburu';'';'0';'';'';'0';'0';'0';'0';'';'0';'0';'0';'0';'';'0';'0';'0';
'Real Sociedad';'Lobete';'';'14';'';'';'0';'0';'13';'1098';'';'0';'1';'0';'16';'';'1';'16';'6';
'Real Sociedad';'Valera';'';'3';'';'';'0';'0';'0';'49';'';'0';'0';'0';'3';'';'0';'0';'0';
'Real Sociedad';'Martin';'';'3';'';'';'0';'0';'1';'80';'';'0';'0';'0';'3';'';'0';'1';'1';
'Sevilla FC';'Dmitrovic';'3';'5';'0';'0';'0';'';'5';'450';'0';'0';'';'';'';'14';'1';'';'0';
'Sevilla FC';'Bono';'22';'23';'1';'2';'0';'';'23';'2070';'1';'0';'';'';'';'49';'2';'';'0';
'Sevilla FC';'Javi Diaz';'0';'1';'0';'0';'0';'';'1';'90';'0';'0';'';'';'';'1';'0';'';'0';
'Sevilla FC';'Alfonso P.';'0';'0';'0';'0';'0';'';'0';'0';'0';'0';'';'';'';'0';'0';'';'0';
'Sevilla FC';'Adrián';'0';'0';'0';'0';'0';'';'0';'0';'0';'0';'';'';'';'0';'0';'';'0';
'Sevilla FC';'Alberto F.';'0';'0';'0';'0';'0';'';'0';'0';'0';'0';'';'';'';'0';'0';'';'0';
'Sevilla FC';'G. Montiel';'';'14';'';'';'0';'2';'13';'901';'';'0';'1';'0';'6';'';'4';'5';'7';
'Sevilla FC';'Augustinsson';'';'15';'';'';'0';'1';'8';'658';'';'0';'0';'0';'11';'';'3';'0';'6';
'Sevilla FC';'K. Rekik';'';'15';'';'';'0';'2';'10';'952';'';'0';'0';'0';'15';'';'2';'4';'1';
'Sevilla FC';'J. Navas';'';'16';'';'';'0';'2';'12';'1175';'';'0';'0';'0';'1';'';'2';'4';'1';
'Sevilla FC';'Acuña';'';'24';'';'';'0';'3';'19';'1667';'';'0';'1';'0';'24';'';'6';'8';'9';
'Sevilla FC';'Diego Carlos';'';'25';'';'';'1';'0';'25';'2204';'';'1';'2';'0';'23';'';'1';'19';'1';
'Sevilla FC';'Kounde';'';'23';'';'';'0';'1';'22';'1927';'';'2';'0';'0';'12';'';'2';'6';'1';
'Sevilla FC';'Pablo P.';'';'0';'';'';'0';'0';'0';'0';'';'0';'0';'0';'0';'';'0';'0';'0';
'Sevilla FC';'Carmona';'';'1';'';'';'0';'0';'0';'23';'';'0';'0';'0';'0';'';'0';'0';'0';
'Sevilla FC';'Juanlu';'';'1';'';'';'0';'0';'0';'4';'';'0';'0';'0';'1';'';'1';'0';'0';
'Sevilla FC';'P. Ortiz';'';'1';'';'';'0';'0';'0';'6';'';'0';'0';'0';'1';'';'0';'1';'0';
'Sevilla FC';'Valentino';'';'1';'';'';'0';'0';'0';'1';'';'0';'0';'0';'0';'';'0';'0';'0';
'Sevilla FC';'Juan Maria';'';'0';'';'';'0';'0';'0';'0';'';'0';'0';'0';'0';'';'0';'0';'0';
'Sevilla FC';'Kike Salas';'';'0';'';'';'0';'0';'0';'0';'';'0';'0';'0';'0';'';'0';'0';'0';
'Sevilla FC';'Gudelj';'';'15';'';'';'0';'0';'6';'737';'';'0';'0';'0';'9';'';'3';'4';'1';
'Sevilla FC';'Jordán';'';'28';'';'';'0';'1';'23';'1902';'';'0';'0';'0';'43';'';'5';'9';'16';
'Sevilla FC';'I. Rakitic';'';'26';'';'';'0';'3';'19';'1635';'';'0';'3';'1';'30';'';'5';'23';'11';
'Sevilla FC';'E. Lamela';'';'13';'';'';'0';'1';'5';'623';'';'0';'4';'0';'17';'';'4';'12';'3';
'Sevilla FC';'Delaney';'';'20';'';'';'1';'1';'12';'1171';'';'1';'2';'0';'17';'';'2';'10';'5';
'Sevilla FC';'Oliver T.';'';'19';'';'';'0';'1';'10';'808';'';'0';'2';'0';'12';'';'1';'8';'9';
'Sevilla FC';'Papu Gomez';'';'21';'';'';'0';'1';'13';'1301';'';'0';'4';'0';'11';'';'2';'17';'10';
'Sevilla FC';'Fernando';'';'24';'';'';'0';'1';'21';'1850';'';'0';'1';'0';'16';'';'6';'4';'4';
'Sevilla FC';'N. Quintana';'';'0';'';'';'0';'0';'0';'0';'';'0';'0';'0';'0';'';'0';'0';'0';
'Sevilla FC';'L. Ocampos';'';'22';'';'';'0';'2';'18';'1679';'';'0';'5';'0';'37';'';'6';'31';'7';
'Sevilla FC';'Suso';'';'8';'';'';'0';'1';'6';'388';'';'0';'0';'0';'1';'';'0';'3';'7';
'Sevilla FC';'Tecatito';'';'9';'';'';'0';'2';'6';'577';'';'0';'0';'0';'7';'';'1';'5';'5';
'Sevilla FC';'Munir';'';'16';'';'';'0';'0';'4';'468';'';'0';'2';'0';'7';'';'2';'9';'4';
'Sevilla FC';'Rafa Mir';'';'26';'';'';'0';'0';'17';'1570';'';'0';'8';'0';'26';'';'3';'43';'8';
'Sevilla FC';'Y. En-Nesyri';'';'15';'';'';'0';'1';'9';'801';'';'0';'3';'1';'9';'';'0';'19';'8';
'Sevilla FC';'Martial';'';'5';'';'';'0';'1';'4';'280';'';'0';'0';'0';'3';'';'0';'3';'4';
'Sevilla FC';'Luismi Cruz';'';'2';'';'';'0';'0';'0';'12';'';'0';'0';'0';'0';'';'0';'0';'0';
'Sevilla FC';'Iván';'';'4';'';'';'0';'0';'2';'171';'';'0';'0';'0';'4';'';'0';'1';'2';
'Sevilla FC';'Zarzana';'';'0';'';'';'0';'0';'0';'0';'';'0';'0';'0';'0';'';'0';'0';'0';
'Valencia CF';'Domenech';'1';'3';'0';'0';'0';'';'2';'252';'0';'0';'';'';'';'5';'2';'';'0';
'Valencia CF';'Cillessen';'4';'15';'1';'5';'0';'';'15';'1278';'1';'0';'';'';'';'45';'1';'';'1';
'Valencia CF';'Mamardashvili';'4';'12';'1';'1';'0';'';'12';'1080';'0';'0';'';'';'';'36';'1';'';'0';
'Valencia CF';'Charly';'0';'0';'0';'0';'0';'';'0';'0';'0';'0';'';'';'';'0';'0';'';'0';
'Valencia CF';'Thierry R.';'';'11';'';'';'0';'0';'10';'795';'';'0';'0';'0';'19';'';'3';'1';'5';
'Valencia CF';'Lato';'';'11';'';'';'0';'1';'7';'591';'';'0';'0';'0';'14';'';'5';'0';'4';
'Valencia CF';'G.paulista';'';'14';'';'';'0';'1';'14';'1197';'';'0';'2';'0';'7';'';'1';'6';'2';
'Valencia CF';'Hugo G.';'';'26';'';'';'0';'0';'24';'2011';'';'1';'1';'0';'59';'';'8';'5';'6';
'Valencia CF';'Diakhaby';'';'23';'';'';'0';'1';'15';'1418';'';'0';'0';'0';'21';'';'9';'4';'2';
'Valencia CF';'Gayà';'';'17';'';'';'1';'3';'17';'1451';'';'1';'2';'0';'29';'';'6';'14';'3';
'Valencia CF';'Omar Alderete';'';'23';'';'';'0';'0';'22';'1893';'';'0';'2';'0';'33';'';'11';'13';'7';
'Valencia CF';'Foulquier';'';'22';'';'';'0';'1';'20';'1828';'';'0';'0';'0';'27';'';'9';'11';'2';
'Valencia CF';'Cömert';'';'5';'';'';'0';'0';'3';'246';'';'0';'0';'0';'1';'';'1';'1';'2';
'Valencia CF';'J. Vázquez';'';'8';'';'';'0';'0';'4';'430';'';'0';'0';'0';'7';'';'0';'2';'3';
'Valencia CF';'Joseda';'';'0';'';'';'0';'0';'0';'0';'';'0';'0';'0';'0';'';'0';'0';'0';
'Valencia CF';'Cristhian';'';'4';'';'';'0';'0';'2';'112';'';'0';'0';'0';'4';'';'1';'1';'2';
'Valencia CF';'C. Tárrega';'';'0';'';'';'0';'0';'0';'0';'';'0';'0';'0';'0';'';'0';'0';'0';
'Valencia CF';'R. Iranzo';'';'3';'';'';'0';'0';'0';'44';'';'0';'0';'0';'2';'';'2';'1';'0';
'Valencia CF';'Musah';'';'22';'';'';'0';'0';'10';'1027';'';'0';'1';'0';'21';'';'5';'4';'9';
'Valencia CF';'Guedes';'';'28';'';'';'0';'5';'26';'2189';'';'0';'11';'1';'30';'';'2';'44';'14';
'Valencia CF';'Račić';'';'20';'';'';'1';'0';'8';'774';'';'1';'0';'0';'24';'';'1';'3';'6';
'Valencia CF';'C.soler';'';'23';'';'';'0';'5';'20';'1789';'';'0';'9';'6';'16';'';'4';'31';'8';
'Valencia CF';'Hélder Costa';'';'19';'';'';'0';'1';'11';'958';'';'0';'0';'0';'25';'';'3';'6';'7';
'Valencia CF';'K.koba Leïn';'';'9';'';'';'0';'0';'1';'162';'';'0';'0';'0';'7';'';'1';'1';'2';
'Valencia CF';'Ilaix';'';'6';'';'';'1';'0';'3';'314';'';'1';'0';'0';'9';'';'3';'4';'2';
'Valencia CF';'P. Alemañ';'';'0';'';'';'0';'0';'0';'0';'';'0';'0';'0';'0';'';'0';'0';'0';
'Valencia CF';'Javi Guerra';'';'0';'';'';'0';'0';'0';'0';'';'0';'0';'0';'0';'';'0';'0';'0';
'Valencia CF';'Hugo González';'';'0';'';'';'0';'0';'0';'0';'';'0';'0';'0';'0';'';'0';'0';'0';
'Valencia CF';'Burlamaqui';'';'0';'';'';'0';'0';'0';'0';'';'0';'0';'0';'0';'';'0';'0';'0';
'Valencia CF';'S. Lassina';'';'0';'';'';'0';'0';'0';'0';'';'0';'0';'0';'0';'';'0';'0';'0';
'Valencia CF';'M. Gómez';'';'23';'';'';'1';'1';'17';'1593';'';'1';'3';'0';'40';'';'5';'21';'8';
'Valencia CF';'Cheryshev';'';'11';'';'';'0';'1';'5';'439';'';'0';'0';'0';'13';'';'1';'7';'5';
'Valencia CF';'Hugo Duro';'';'25';'';'';'1';'1';'18';'1509';'';'1';'6';'0';'22';'';'0';'23';'14';
'Valencia CF';'Bryan';'';'7';'';'';'0';'1';'5';'478';'';'0';'0';'0';'9';'';'3';'4';'3';
'Valencia CF';'Marcos Andre';'';'24';'';'';'0';'2';'5';'659';'';'0';'1';'0';'14';'';'1';'19';'4';
'Valencia CF';'Diego López';'';'0';'';'';'0';'0';'0';'0';'';'0';'0';'0';'0';'';'0';'0';'0';
'Villarreal CF';'S. Asenjo';'3';'4';'0';'1';'0';'';'4';'360';'0';'0';'';'';'';'12';'1';'';'0';
'Villarreal CF';'Rulli';'14';'25';'1';'4';'0';'';'25';'2250';'1';'0';'';'';'';'57';'1';'';'0';
'Villarreal CF';'Iker Alvarez';'0';'0';'0';'0';'0';'';'0';'0';'0';'0';'';'';'';'0';'0';'';'0';
'Villarreal CF';'Jörgensen';'0';'0';'0';'0';'0';'';'0';'0';'0';'0';'';'';'';'0';'0';'';'0';
'Villarreal CF';'Mario Gaspar';'';'8';'';'';'0';'0';'5';'450';'';'0';'0';'0';'4';'';'1';'1';'1';
'Villarreal CF';'R. Albiol';'';'22';'';'';'0';'0';'22';'1935';'';'0';'0';'0';'14';'';'6';'5';'1';
'Villarreal CF';'Pau';'';'26';'';'';'0';'0';'26';'2295';'';'0';'4';'0';'12';'';'4';'15';'1';
'Villarreal CF';'Foyth';'';'18';'';'';'1';'0';'17';'1473';'';'1';'0';'0';'26';'';'3';'2';'5';
'Villarreal CF';'Estupiñán';'';'22';'';'';'0';'1';'14';'1268';'';'0';'0';'0';'21';'';'3';'9';'8';
'Villarreal CF';'Alberto M.';'';'24';'';'';'0';'2';'13';'1222';'';'0';'3';'0';'20';'';'3';'14';'10';
'Villarreal CF';'Mandi';'';'12';'';'';'0';'0';'10';'990';'';'0';'1';'0';'10';'';'2';'6';'0';
'Villarreal CF';'Serge Aurier';'';'12';'';'';'0';'1';'7';'679';'';'0';'0';'0';'12';'';'3';'5';'2';
'Villarreal CF';'De La Fuente';'';'0';'';'';'0';'0';'0';'0';'';'0';'0';'0';'0';'';'0';'0';'0';
'Villarreal CF';'Lanchi';'';'0';'';'';'0';'0';'0';'0';'';'0';'0';'0';'0';'';'0';'0';'0';
'Villarreal CF';'Dani Tasende';'';'0';'';'';'0';'0';'0';'0';'';'0';'0';'0';'0';'';'0';'0';'0';
'Villarreal CF';'Parejo';'';'25';'';'';'0';'6';'24';'2064';'';'0';'2';'1';'14';'';'2';'8';'6';
'Villarreal CF';'Capoue';'';'22';'';'';'0';'1';'20';'1738';'';'0';'1';'0';'37';'';'7';'8';'9';
'Villarreal CF';'Iborra';'';'15';'';'';'0';'1';'9';'758';'';'0';'0';'0';'15';'';'4';'5';'3';
'Villarreal CF';'Chukwueze';'';'19';'';'';'0';'2';'6';'794';'';'0';'2';'0';'7';'';'3';'13';'5';
'Villarreal CF';'M. Trigueros';'';'26';'';'';'0';'4';'20';'1620';'';'0';'5';'0';'37';'';'2';'25';'17';
'Villarreal CF';'Danjuma';'';'19';'';'';'0';'3';'15';'1271';'';'0';'8';'2';'3';'';'2';'40';'9';
'Villarreal CF';'Lo Celso';'';'7';'';'';'0';'0';'6';'480';'';'0';'0';'0';'4';'';'0';'4';'5';
'Villarreal CF';'Coquelin';'';'16';'';'';'0';'1';'6';'633';'';'0';'1';'0';'18';'';'2';'3';'5';
'Villarreal CF';'Nikita';'';'1';'';'';'0';'0';'0';'1';'';'0';'0';'0';'0';'';'0';'0';'0';
'Villarreal CF';'Carlo Adriano';'';'1';'';'';'0';'0';'0';'6';'';'0';'0';'0';'0';'';'0';'0';'0';
'Villarreal CF';'Pacheco';'';'0';'';'';'0';'0';'0';'0';'';'0';'0';'0';'0';'';'0';'0';'0';
'Villarreal CF';'Gerard';'';'14';'';'';'0';'2';'12';'1014';'';'0';'8';'1';'10';'';'2';'27';'4';
'Villarreal CF';'Paco Alcácer';'';'10';'';'';'0';'2';'6';'473';'';'0';'0';'0';'3';'';'1';'8';'6';
'Villarreal CF';'Dia';'';'20';'';'';'0';'4';'10';'997';'';'0';'5';'0';'21';'';'2';'20';'8';
'Villarreal CF';'R. Peña';'';'6';'';'';'0';'0';'1';'120';'';'0';'0';'0';'8';'';'1';'3';'1';
'Villarreal CF';'Yeremy';'';'';'';'';'';'';'';'';'';'';'';'';'';'';'';'';'';
'Villarreal CF';'Moi Gómez';'';'24';'';'';'0';'2';'10';'1021';'';'0';'1';'0';'18';'';'2';'6';'7';
'Villarreal CF';'A. Pedraza';'';'20';'';'';'0';'3';'13';'1183';'';'0';'0';'0';'29';'';'1';'10';'8';
'Villarreal CF';'N.jackson';'';'5';'';'';'0';'0';'0';'57';'';'0';'0';'0';'0';'';'0';'2';'0';
'Villarreal CF';'Arana';'';'0';'';'';'0';'0';'0';'0';'';'0';'0';'0';'0';'';'0';'0';'0';
